KIT ID Number,Borough,Zipcode,Date Collected,Received Date,First Draw at-the-tap Lead level (Âµg/l),First Draw at-the-tap copper level (mg/l)
1410092,RIDGEWOOD,11385,06/07/2014,06/17/2014,19,0.089
1410161,STATEN ISLAND,10306,06/07/2014,06/19/2014,1,0.145
1410201,STATEN ISLAND,10305,06/07/2014,06/13/2014,0,0.051
1410007,New York,10010,06/07/2014,06/13/2014,0,0.143
1410118,MASPETH,11378,06/08/2014,06/11/2014,4,0.107
1410193,STATEN ISLAND,10314,06/08/2014,06/13/2014,1,0.162
1410017,KEW GARDENS,11415,06/08/2014,06/12/2014,0,0.061
1410143,STATEN ISLAND,10309,06/08/2014,06/11/2014,0,0.098
13100232,FLUSHING,11358,06/08/2014,06/12/2014,7,0.125
1410056,BRONX,10461,06/08/2014,06/11/2014,6,0.132
1410006,BAYSIDE,11361,06/08/2014,06/11/2014,2,0.203
1410221,STATEN ISLAND,10310,06/08/2014,06/17/2014,0,0.15
1410189,STATEN ISLAND,10304,06/08/2014,06/11/2014,26,0.164
1410177,STATEN ISLAND,10306,06/08/2014,06/12/2014,4,0.158
1410145,STATEN ISLAND,10306,06/08/2014,06/11/2014,1,0.136
1410100,FLUSHING,11358,06/08/2014,06/12/2014,19,0.15
1410140,STATEN ISLAND,10306,06/08/2014,06/12/2014,0,0.124
1410012,HOLLIS,11423,06/09/2014,06/12/2014,14,0.067
1410055,SOUTH RICHMOND HILL,11419,06/09/2014,06/11/2014,5,0.089
1410020,STATEN ISLAND,10303,06/09/2014,06/11/2014,0,0.153
1410128,FOREST HILLS,11375,06/09/2014,06/11/2014,5,0.113
1410220,STATEN ISLAND,10308,06/09/2014,06/17/2014,0,0.152
1410168,STATEN ISLAND,10312,06/09/2014,06/17/2014,0,0.119
1410087,ELMHURST,11373,06/09/2014,06/11/2014,11,0.158
1410144,STATEN ISLAND,10308,06/09/2014,06/11/2014,9,0.154
1410158,STATEN ISLAND,10312,06/09/2014,06/12/2014,30,0.114
1410159,STATEN ISLAND,10308,06/09/2014,06/11/2014,2,0.104
1410053,ASTORIA,11102,06/09/2014,06/11/2014,7,0.118
1410029,JAMAICA,11432,06/09/2014,06/12/2014,1,0.081
1410011,BRONX,10457,06/09/2014,06/11/2014,0,0.156
1410104,FLUSHING,11354,06/09/2014,06/18/2014,4,0.189
1410156,STATEN ISLAND,10306,06/09/2014,06/12/2014,2,0.147
1410162,STATEN ISLAND,10306,06/09/2014,06/12/2014,0,0.152
1410008,STATEN ISLAND,10308,06/09/2014,06/13/2014,1,0.113
1410208,STATEN ISLAND,10312,06/09/2014,06/11/2014,1,0.106
1410103,FLUSHING,11358,06/09/2014,06/11/2014,8,0.107
1410068,BROOKLYN,11228,06/09/2014,06/19/2014,24,0.155
1410165,STATEN ISLAND,10314,06/09/2014,06/13/2014,0,0.107
1410030,HOWARD BEACH,11414,06/10/2014,06/16/2014,0,0.107
1410164,STATEN ISLAND,10303,06/10/2014,06/13/2014,0,0.11
1410080,BRONX,10464,06/10/2014,06/18/2014,11,0.145
1410219,STATEN ISLAND,10309,06/10/2014,06/16/2014,0,0.049
1410185,STATEN ISLAND,10309,06/10/2014,06/13/2014,0,0.077
1410237,WOODHAVEN,11421,06/10/2014,06/13/2014,1,0.095
1410146,STATEN ISLAND,10306,06/10/2014,06/13/2014,0,0.196
1410004,BROOKLYN,11223,06/10/2014,06/12/2014,9,0.126
1410083,FOREST HILLS,11375,06/10/2014,06/13/2014,7,0.065
1410016,JAMAICA,11433,06/10/2014,06/17/2014,0,0.184
1410045,STATEN ISLAND,10301,06/10/2014,06/13/2014,6,0.176
1410180,STATEN ISLAND,10314,06/10/2014,06/17/2014,2,0.25
1410213,BROOKLYN,11223,06/10/2014,06/13/2014,5,0.074
1410253,BRONX,10463,06/10/2014,06/12/2014,5,0.101
1410172,STATEN ISLAND,10312,06/10/2014,06/13/2014,0,0.107
1410067,WOODSIDE,11377,06/10/2014,06/17/2014,18,0.103
1410027,KEW GARDENS,11415,06/10/2014,06/13/2014,2,0.092
1410094,FLUSHING,11358,06/10/2014,06/17/2014,8,0.162
1410163,STATEN ISLAND,10305,06/10/2014,06/13/2014,0,0.104
1410171,STATEN ISLAND,10309,06/10/2014,06/13/2014,0,0.021
1410170,STATEN ISLAND,10307,06/10/2014,06/13/2014,0,0.197
1410125,BROOKLYN,11207,06/10/2014,06/16/2014,0,0.053
1410044,BROOKLYN,11212,06/10/2014,06/20/2014,0,0.141
1410242,STATEN ISLAND,10309,06/10/2014,06/13/2014,46,0.817
1410255,BROOKLYN,11232,06/11/2014,06/17/2014,8,0.126
1410130,FAR ROCKAWAY,11691,06/11/2014,06/16/2014,1,0.231
1410093,MASPETH,11378,06/11/2014,06/17/2014,23,0.07
1410152,STATEN ISLAND,10306,06/11/2014,06/17/2014,0,0.112
1410124,BROOKLYN,11224,06/11/2014,06/13/2014,0,0.136
1410015,STATEN ISLAND,10314,06/11/2014,06/13/2014,0,0.108
1410198,BRONX,10465,06/11/2014,06/17/2014,5,0.145
1410019,JAMAICA,11433,06/11/2014,06/13/2014,0,0.113
1410096,FLUSHING,11354,06/11/2014,06/16/2014,5,0.225
1410032,SOUTH OZONE PARK,11420,06/11/2014,06/17/2014,0,0.11
1410109,LITTLE NECK,11363,06/11/2014,06/17/2014,10,0.119
1410142,FAR ROCKAWAY,11691,06/11/2014,06/16/2014,3,0.08
1410046,LITTLE NECK,11363,06/11/2014,06/13/2014,0,0.159
1410248,BROOKLYN,11236,06/11/2014,06/17/2014,1,0.114
1410254,FOREST HILLS,11375,06/11/2014,06/17/2014,7,0.153
1410137,WHITESTONE,11357,06/11/2014,06/13/2014,7,0.123
1410013,BROOKLYN,11230,06/11/2014,06/17/2014,7,0.196
1410111,JAMAICA,11432,06/11/2014,06/17/2014,0,0.056
1410102,JAMAICA,11432,06/11/2014,06/17/2014,2,0.035
1410022,JAMAICA,11434,06/11/2014,06/13/2014,0,0.172
1410036,SOUTH RICHMOND HILL,11419,06/12/2014,06/17/2014,2,0.114
1410047,BRONX,10457,06/12/2014,06/17/2014,5,0.154
1410139,STATEN ISLAND,10308,06/12/2014,06/23/2014,0,0.049
1410069,STATEN ISLAND,10301,06/12/2014,06/17/2014,7,0.125
1410091,JAMAICA,11432,06/12/2014,06/17/2014,10,0.141
1410155,STATEN ISLAND,10308,06/12/2014,06/17/2014,0,0.063
1410078,BROOKLYN,11204,06/12/2014,06/17/2014,16,0.223
1410240,BROOKLYN,11218,06/12/2014,06/16/2014,12,0.086
1410005,BROOKLYN,11215,06/12/2014,06/17/2014,5,0.153
1410057,BROOKLYN,11201,06/12/2014,06/16/2014,3,0.142
1410108,MASPETH,11378,06/12/2014,06/17/2014,7,0.086
1410239,BROOKLYN,11210,06/12/2014,06/16/2014,5,0.087
1410041,BROOKLYN,11224,06/12/2014,06/17/2014,0,0.048
1410173,STATEN ISLAND,10308,06/12/2014,06/17/2014,1,0.143
1410166,STATEN ISLAND,10314,06/12/2014,06/17/2014,0,0.161
1410250,JAMAICA,11432,06/12/2014,06/17/2014,4,0.122
1410202,STATEN ISLAND,10305,06/12/2014,06/17/2014,0,0.156
1410116,FLUSHING,11358,06/12/2014,06/17/2014,4,0.177
1410203,STATEN ISLAND,10309,06/12/2014,06/19/2014,0,0.147
1410251,BRONX,10462,06/13/2014,06/24/2014,2,0.123
1410252,BROOKLYN,11234,06/13/2014,06/17/2014,4,0.17
1410010,BROOKLYN,11224,06/13/2014,06/17/2014,0,0.136
1410042,BROOKLYN,11212,06/13/2014,06/17/2014,7,0.2
1410112,RIDGEWOOD,11385,06/13/2014,06/17/2014,3,0.119
1410059,SOUTH RICHMOND HILL,11419,06/13/2014,06/23/2014,7,0.201
1410085,FLUSHING,11358,06/13/2014,06/17/2014,4960,0.43
1410207,STATEN ISLAND,10312,06/13/2014,06/19/2014,1,0.024
1410192,STATEN ISLAND,10314,06/13/2014,06/17/2014,1,0.159
1410178,STATEN ISLAND,10306,06/13/2014,06/18/2014,0,0.15
1410157,STATEN ISLAND,10306,06/13/2014,06/19/2014,0,0.224
1410110,LITTLE NECK,11362,06/13/2014,06/18/2014,5,0.139
1410241,STATEN ISLAND,10312,06/14/2014,06/17/2014,4,0.243
1410149,STATEN ISLAND,10314,06/14/2014,06/17/2014,0,0.147
1410245,BROOKLYN,11234,06/14/2014,06/17/2014,5,0.164
1410247,JAMAICA,11432,06/14/2014,06/18/2014,7,0.248
1410200,BAYSIDE,11360,06/14/2014,06/18/2014,0,0.126
1410049,BROOKLYN,11234,06/14/2014,06/24/2014,7,0.035
1410183,STATEN ISLAND,10309,06/14/2014,06/18/2014,0,0.161
1410147,STATEN ISLAND,10312,06/15/2014,06/18/2014,0,0.081
1410090,MIDDLE VILLAGE,11379,06/15/2014,06/24/2014,9,0.156
1410222,STATEN ISLAND,10309,06/15/2014,06/19/2014,2,0.187
1410082,FOREST HILLS,11375,06/15/2014,06/18/2014,1,0.097
1410105,FLUSHING,11358,06/15/2014,06/18/2014,1,0.093
1410132,FLUSHING,11354,06/15/2014,06/24/2014,5,0.1
1410062,NEW YORK,10013,06/16/2014,06/19/2014,5,0.077
1410002,FLUSHING,11354,06/16/2014,06/23/2014,14,0.134
1410205,STATEN ISLAND,10303,06/16/2014,06/18/2014,0,0.104
1410009,STATEN ISLAND,10306,06/16/2014,06/24/2014,0,0.082
1410001,MASPETH,11378,06/16/2014,06/18/2014,8,0.114
1410048,BRONX,10470,06/16/2014,06/24/2014,6,0.104
1410179,STATEN ISLAND,10309,06/16/2014,06/19/2014,0,0.194
1410075,BRONX,10464,06/16/2014,06/18/2014,4,0.16
1410099,FOREST HILLS,11375,06/16/2014,06/18/2014,5,0.04
1410175,STATEN ISLAND,10314,06/16/2014,06/17/2014,3,0.136
1410238,BRONX,10471,06/16/2014,06/20/2014,2,0.159
1410174,STATEN ISLAND,10304,06/17/2014,06/23/2014,4,0.126
1410095,MIDDLE VILLAGE,11379,06/17/2014,06/20/2014,4,0.062
1410196,MIDDLE VILLAGE,11379,06/17/2014,06/19/2014,7,0.192
1410098,STATEN ISLAND,10312,06/17/2014,06/23/2014,5,0.123
1410076,BAYSIDE,11361,06/17/2014,06/27/2014,2,0.149
1410028,JAMAICA,11432,06/18/2014,06/20/2014,422,0.42
1410054,BROOKLYN,11234,06/18/2014,06/20/2014,0,0.222
1410026,SAINT ALBANS,11412,06/18/2014,06/24/2014,1,0.144
1410126,BROOKLYN,11223,06/18/2014,06/23/2014,6,0.137
1410051,HOLLIS,11423,06/18/2014,06/20/2014,1,0.139
1410249,Brooklyn,11209,06/19/2014,06/24/2014,0,0.04
1410131,EAST ELMHURST,11369,06/19/2014,06/23/2014,8,0.194
1410209,ASTORIA,11105,06/20/2014,06/25/2014,12,0.132
1410160,STATEN ISLAND,10308,06/20/2014,06/25/2014,16,0.113
1410058,RICHMOND HILL,11418,06/20/2014,06/25/2014,2,0.014
1410072,BROOKLYN,11234,06/20/2014,06/30/2014,2,0.004
1410023,BRONX,10457,06/20/2014,06/25/2014,0,0.049
1410088,FLUSHING,11355,06/22/2014,06/26/2014,2,0.043
1410097,BAYSIDE,11361,06/22/2014,06/26/2014,4,0.117
1410043,BROOKLYN,11213,06/22/2014,06/30/2014,0,0.093
1410224,STATEN ISLAND,10308,06/23/2014,06/25/2014,0,0.138
1410181,STATEN ISLAND,10314,06/23/2014,06/26/2014,0,0.084
1410035,Queens,11435,06/23/2014,06/25/2014,2,0.074
1410063,FLUSHING,11354,06/23/2014,06/27/2014,17,0.092
1410060,BROOKLYN,11234,06/23/2014,06/30/2014,0,0.069
1410014,KEW GARDENS,11415,06/24/2014,06/30/2014,0,0.04
1410141,BROOKLYN,11212,06/24/2014,07/01/2014,2,0.192
1410236,SAINT ALBANS,11412,06/25/2014,06/27/2014,1,0.041
1410187,STATEN ISLAND,10306,06/25/2014,07/01/2014,6,0.151
1410151,STATEN ISLAND,10312,06/25/2014,06/27/2014,0,0.089
1410167,STATEN ISLAND,10312,06/25/2014,06/30/2014,0,0.136
1410065,BROOKLYN,11205,06/26/2014,07/01/2014,5,0.17
1410066,BROOKLYN,11215,06/26/2014,07/01/2014,5,0.403
1410148,STATEN ISLAND,10312,06/26/2014,07/03/2014,1,0.139
1410150,STATEN ISLAND,10309,06/27/2014,07/01/2014,2,0.139
1410212,STATEN ISLAND,10306,06/28/2014,07/01/2014,5,0.166
1410199,BROOKLYN,11218,06/30/2014,07/02/2014,7,0.146
1410206,STATEN ISLAND,10309,07/02/2014,07/09/2014,0,0.115
1410169,STATEN ISLAND,10314,07/07/2014,07/10/2014,24,0.159
1410214,NEW YORK,10075,07/07/2014,07/11/2014,2,0.071
1410197,FLUSHING,11358,07/08/2014,07/10/2014,11,0.095
1410115,STATEN ISLAND,10304,07/08/2014,07/11/2014,8,0.108
1410127,RIDGEWOOD,11385,07/09/2014,07/16/2014,9,0.034
1410101,FLUSHING,11354,07/11/2014,07/16/2014,1,0.185
1410121,FAR ROCKAWAY,11691,07/13/2014,07/16/2014,2,0.089
1410232,BROOKLYN,11215,07/13/2014,07/16/2014,59,0.174
1410122,RIDGEWOOD,11385,07/13/2014,07/17/2014,5,0.027
1410106,FLUSHING,11354,07/19/2014,07/29/2014,4,0.193
1410021,SAINT ALBANS,11412,07/24/2014,07/29/2014,2,0.042
1410133,BROOKLYN,11212,07/26/2014,07/31/2014,0,0.125
1410018,CAMBRIA HEIGHTS,11411,08/08/2014,08/13/2014,0,0.091
1410135,BROOKLYN,11224,08/08/2014,08/12/2014,1,0.063
1410119,RIDGEWOOD,11385,08/15/2014,08/19/2014,5,0.042
1410070,FLORAL PARK,11001,08/17/2014,08/21/2014,6,0.145
15123299,MIDDLE VILLAGE,11379,06/03/2015,06/11/2015,3,0.052
15123403,STATEN ISLAND,10309,06/03/2015,06/09/2015,0,0.126
15123393,STATEN ISLAND,10314,06/04/2015,06/09/2015,0,0.161
15123321,MASPETH,11378,06/04/2015,06/09/2015,4,0.125
15123295,JAMAICA,11432,06/04/2015,06/09/2015,5,0.148
15123547,BROOKLYN,11232,06/04/2015,06/09/2015,5,0.107
15123294,MIDDLE VILLAGE,11379,06/04/2015,06/09/2015,9,0.142
15123506,BROOKLYN,11214,06/04/2015,06/09/2015,9,0.133
15123529,FAR ROCKAWAY,11694,06/04/2015,06/15/2015,2,0.148
15123222,New York,10010,06/04/2015,06/09/2015,0,0.116
15123510,BROOKLYN,11214,06/04/2015,06/09/2015,3,0.152
15123335,FLUSHING,11354,06/04/2015,06/09/2015,4,0.087
15123496,BROOKLYN,11225,06/04/2015,06/09/2015,30,0.189
15123363,STATEN ISLAND,10306,06/04/2015,06/09/2015,0,0.159
15123287,FOREST HILLS,11375,06/04/2015,06/09/2015,5,0.049
15123420,FOREST HILLS,11375,06/04/2015,06/09/2015,2,0.057
15123461,FOREST HILLS,11375,06/04/2015,06/09/2015,5,0.096
15123503,JAMAICA,11432,06/04/2015,06/09/2015,52,0.135
15123364,STATEN ISLAND,10305,06/04/2015,06/09/2015,0,0.115
15123256,LITTLE NECK,11363,06/04/2015,06/09/2015,0,0.184
15123548,JAMAICA,11432,06/04/2015,06/09/2015,2,0.019
15123275,BROOKLYN,11228,06/04/2015,06/09/2015,18,0.132
15123525,FRESH MEADOWS,11365,06/04/2015,06/09/2015,0,0.181
15123439,FAR ROCKAWAY,11691,06/04/2015,06/09/2015,16,0.485
15123226,BRONX,10457,06/04/2015,06/09/2015,0,0.082
15123350,STATEN ISLAND,10312,06/04/2015,06/09/2015,0,0.129
15123381,STATEN ISLAND,10314,06/04/2015,06/09/2015,0,0.135
15123546,FOREST HILLS,11375,06/04/2015,06/09/2015,7,0.14
15123493,QUEENS VILLAGE,11427,06/04/2015,06/09/2015,5,0.121
15123519,JAMAICA,11434,06/04/2015,06/09/2015,5,0.147
15123438,BROOKLYN,11215,06/04/2015,06/09/2015,4,0.154
15123227,BROOKLYN,11230,06/04/2015,06/09/2015,11,0.221
15123376,STATEN ISLAND,10314,06/04/2015,06/09/2015,4,0.132
15123315,JAMAICA,11432,06/04/2015,06/09/2015,0,0.05
15123406,STATEN ISLAND,10309,06/04/2015,06/10/2015,0,0.138
15123534,BROOKLYN,11210,06/04/2015,06/09/2015,5,0.09
15123224,STATEN ISLAND,10306,06/04/2015,06/08/2015,0,0.156
15123284,BRONX,10464,06/04/2015,06/08/2015,5,0.19
15123312,MASPETH,11378,06/04/2015,06/08/2015,6,0.088
15123433,BROOKLYN,11228,06/04/2015,06/08/2015,12,0.262
15123487,MIDDLE VILLAGE,11379,06/04/2015,06/09/2015,4,0.116
15123511,BROOKLYN,11228,06/04/2015,06/10/2015,5,0.05
15123389,STATEN ISLAND,10304,06/04/2015,06/09/2015,3,0.099
15123261,HOLLIS,11423,06/04/2015,06/09/2015,1,0.265
15123234,STATEN ISLAND,10303,06/05/2015,06/09/2015,0,0.146
15123217,FLUSHING,11354,06/05/2015,06/10/2015,8,0.11
15123264,SOUTH RICHMOND HILL,11419,06/05/2015,06/09/2015,3,0.101
15123333,FAR ROCKAWAY,11691,06/05/2015,06/09/2015,0,0.23
15123375,STATEN ISLAND,10304,06/05/2015,06/09/2015,21,0.091
15123424,STATEN ISLAND,10310,06/05/2015,06/08/2015,1,0.167
15123331,FOREST HILLS,11375,06/05/2015,06/09/2015,5,0.064
15123481,SAINT ALBANS,11412,06/05/2015,06/09/2015,40,0.262
15123346,STATEN ISLAND,10308,06/05/2015,06/09/2015,2,0.184
15123257,BRONX,10457,06/05/2015,06/16/2015,4,0.102
15123344,FAR ROCKAWAY,11691,06/05/2015,06/11/2015,2,0.176
15123356,STATEN ISLAND,10308,06/05/2015,06/10/2015,0,0.083
15123520,STATEN ISLAND,10312,06/05/2015,06/09/2015,31,0.074
15123230,JAMAICA,11433,06/05/2015,06/09/2015,0,0.198
15123243,JAMAICA,11432,06/05/2015,06/09/2015,1,0.099
15123253,BROOKLYN,11212,06/05/2015,06/09/2015,7,0.206
15123265,BRONX,10461,06/05/2015,06/10/2015,4,0.145
15123267,RICHMOND HILL,11418,06/05/2015,06/09/2015,2,0.009
15123283,BROOKLYN,11204,06/05/2015,06/09/2015,10,0.229
15123355,STATEN ISLAND,10304,06/05/2015,06/09/2015,1,0.163
15123359,STATEN ISLAND,10312,06/05/2015,06/09/2015,24,0.12
15123379,STATEN ISLAND,10306,06/05/2015,06/09/2015,0,0.155
15123311,BELLEROSE,11426,06/05/2015,06/09/2015,2,0.116
15123276,STATEN ISLAND,10301,06/05/2015,06/09/2015,12,0.122
15123475,BROOKLYN,11213,06/05/2015,06/12/2015,2,0.232
15123246,OZONE PARK,11417,06/05/2015,06/09/2015,2,0.133
15123524,NEW YORK,10018,06/05/2015,06/09/2015,5,0.194
15123456,WOODSIDE,11377,06/05/2015,06/09/2015,6,0.125
15123409,ASTORIA,11105,06/05/2015,06/09/2015,11,0.134
15123236,JAMAICA,11434,06/05/2015,06/09/2015,1,0.12
15123467,NEW YORK,10128,06/05/2015,06/09/2015,5,0.094
15123464,BROOKLYN,11217,06/05/2015,06/10/2015,0,0.048
15123419,STATEN ISLAND,10309,06/05/2015,06/09/2015,3,0.163
15123435,BROOKLYN,11224,06/05/2015,06/09/2015,6,0.206
15123339,WHITESTONE,11357,06/05/2015,06/09/2015,12,0.121
15123490,BROOKLYN,11204,06/05/2015,06/10/2015,8,0.119
15123357,STATEN ISLAND,10306,06/05/2015,06/09/2015,2,0.158
15123374,STATEN ISLAND,10308,06/05/2015,06/09/2015,1,0.133
15123221,BAYSIDE,11361,06/05/2015,06/09/2015,2,0.169
15123537,STATEN ISLAND,10309,06/05/2015,06/12/2015,70,0.779
15123372,STATEN ISLAND,10309,06/05/2015,06/09/2015,2,0.147
15123545,BRONX,10463,06/05/2015,06/09/2015,4,0.054
15123365,STATEN ISLAND,10303,06/05/2015,06/09/2015,15,0.193
15123476,BROOKLYN,11208,06/05/2015,06/09/2015,0,0.136
15123549,SOUTH RICHMOND HILL,11419,06/05/2015,06/09/2015,0,0.141
15123225,BROOKLYN,11224,06/06/2015,06/09/2015,0,0.09
15123285,FLUSHING,11358,06/06/2015,06/09/2015,6,0.135
15123434,WOODHAVEN,11421,06/06/2015,06/11/2015,0,0.081
15123249,SOUTH RICHMOND HILL,11419,06/06/2015,06/17/2015,0,0.012
15123395,STATEN ISLAND,10308,06/06/2015,06/16/2015,0,0.024
15123354,STATEN ISLAND,10306,06/06/2015,06/16/2015,0,0.122
15123473,STATEN ISLAND,10310,06/06/2015,06/09/2015,5,0.166
15123538,BROOKLYN,11234,06/06/2015,06/09/2015,5,0.176
15123369,STATEN ISLAND,10312,06/06/2015,06/12/2015,0,0.14
15123410,BROOKLYN,11212,06/06/2015,06/09/2015,0,0.097
15123349,STATEN ISLAND,10312,06/06/2015,06/09/2015,1,0.041
15123327,BROOKLYN,11224,06/06/2015,06/09/2015,0,0.126
15123345,STATEN ISLAND,10309,06/06/2015,06/09/2015,0,0.104
15123360,STATEN ISLAND,10308,06/06/2015,06/15/2015,1,0.111
15123416,STATEN ISLAND,10309,06/06/2015,06/09/2015,0,0.066
15123449,FLUSHING,11358,06/06/2015,06/11/2015,4,0.133
15123504,STATEN ISLAND,10309,06/06/2015,06/11/2015,1,0.144
15123229,STATEN ISLAND,10314,06/06/2015,06/09/2015,0,0.133
15123453,RIDGEWOOD,11385,06/06/2015,06/12/2015,10,0.192
15123347,STATEN ISLAND,10306,06/06/2015,06/11/2015,2,0.105
15123535,BROOKLYN,11218,06/06/2015,06/09/2015,18,0.092
15123238,BROOKLYN,11212,06/06/2015,06/11/2015,0,0.12
15123465,STATEN ISLAND,10310,06/06/2015,06/09/2015,1,0.19
15123366,STATEN ISLAND,10314,06/06/2015,06/11/2015,0,0.146
15123274,WOODSIDE,11377,06/06/2015,06/11/2015,5,0.173
15123468,STATEN ISLAND,10308,06/07/2015,06/11/2015,2,0.146
15123300,FLUSHING,11354,06/07/2015,06/11/2015,5,0.201
15123336,BROOKLYN,11212,06/07/2015,06/12/2015,0,0.054
15123245,SOUTH OZONE PARK,11420,06/07/2015,06/15/2015,0,0.143
15123513,RIDGEWOOD,11385,06/07/2015,06/11/2015,16,0.057
15123244,HOWARD BEACH,11414,06/07/2015,06/12/2015,0,0.129
15123458,BROOKLYN,11229,06/07/2015,06/16/2015,6,0.086
15123266,BROOKLYN,11201,06/07/2015,06/12/2015,2,0.124
15123353,STATEN ISLAND,10312,06/07/2015,06/12/2015,0,0.188
15123539,JAMAICA,11432,06/07/2015,06/11/2015,4,0.234
15123319,FLUSHING,11358,06/07/2015,06/10/2015,3,0.197
15123533,BRONX,10471,06/07/2015,06/15/2015,2,0.15
15123408,STATEN ISLAND,10312,06/07/2015,06/12/2015,0,0.106
15123454,BRONX,10464,06/07/2015,06/12/2015,4,0.18
15123309,FLUSHING,11358,06/07/2015,06/10/2015,2,0.099
15123500,LONG ISLAND CITY,11101,06/07/2015,06/12/2015,2,0.275
15123398,BRONX,10465,06/08/2015,06/11/2015,4,0.19
15123237,BRONX,10457,06/08/2015,06/11/2015,0,0.081
15123444,ASTORIA,11105,06/08/2015,06/11/2015,1,0.14
15123394,STATEN ISLAND,10309,06/08/2015,06/16/2015,0,0.184
15123262,ASTORIA,11102,06/08/2015,06/15/2015,6,0.089
15123385,STATEN ISLAND,10309,06/08/2015,06/12/2015,2,0.078
15123544,BROOKLYN,11234,06/08/2015,06/11/2015,4,0.137
15123220,BROOKLYN,11215,06/08/2015,06/11/2015,5,0.124
15123471,JACKSON HEIGHTS,11372,06/08/2015,06/16/2015,7,0.155
15123303,FOREST HILLS,11375,06/08/2015,06/11/2015,6,0.103
15123343,BROOKLYN,11212,06/08/2015,06/16/2015,1,0.148
15123462,BROOKLYN,11229,06/08/2015,06/10/2015,9,0.104
15123388,STATEN ISLAND,10307,06/08/2015,06/11/2015,1,0.131
15123466,BROOKLYN,11215,06/08/2015,06/12/2015,3,0.155
15123536,STATEN ISLAND,10312,06/08/2015,06/10/2015,0,0.131
15123241,KEW GARDENS,11415,06/08/2015,06/11/2015,2,0.131
15123358,STATEN ISLAND,10306,06/08/2015,06/12/2015,3,0.15
15123328,BROOKLYN,11207,06/08/2015,06/15/2015,0,0.11
15123248,Queens,11435,06/08/2015,06/18/2015,3,0.157
15123342,STATEN ISLAND,10306,06/08/2015,06/11/2015,0,0.13
15123380,STATEN ISLAND,10309,06/08/2015,06/12/2015,6,0.092
15123479,FLUSHING,11354,06/08/2015,06/11/2015,4,0.169
15123306,JAMAICA,11432,06/08/2015,06/15/2015,2,0.044
15123472,BROOKLYN,11234,06/09/2015,06/15/2015,6,0.128
15123242,JAMAICA,11432,06/09/2015,06/12/2015,16,0.169
15123399,BROOKLYN,11218,06/09/2015,06/22/2015,12,0.118
15123362,STATEN ISLAND,10306,06/09/2015,06/12/2015,0,0.141
15123445,OZONE PARK,11417,06/09/2015,06/12/2015,2,0.163
15123348,STATEN ISLAND,10306,06/09/2015,06/15/2015,1,0.21
15123402,STATEN ISLAND,10305,06/09/2015,06/15/2015,6,0.123
15123540,BROOKLYN,11236,06/09/2015,06/11/2015,0,0.147
15123396,MIDDLE VILLAGE,11379,06/09/2015,06/15/2015,4,0.128
15123427,RICHMOND HILL,11418,06/09/2015,06/12/2015,1,0.287
15123291,ELMHURST,11373,06/09/2015,06/16/2015,13,0.1
15123400,BAYSIDE,11360,06/09/2015,06/16/2015,0,0.125
15123334,EAST ELMHURST,11369,06/09/2015,06/12/2015,6,0.183
15123223,STATEN ISLAND,10308,06/09/2015,06/17/2015,2,0.166
15123269,BROOKLYN,11234,06/09/2015,06/12/2015,1,0.108
15123527,BROOKLYN,11213,06/09/2015,06/12/2015,6,0.128
15123298,FLUSHING,11358,06/09/2015,06/11/2015,25,0.133
15123488,BROOKLYN,11225,06/09/2015,06/15/2015,4,0.057
15123392,STATEN ISLAND,10314,06/10/2015,06/16/2015,0,0.129
15123297,MASPETH,11378,06/10/2015,06/16/2015,10,0.083
15123361,STATEN ISLAND,10308,06/10/2015,06/15/2015,2,0.104
15123371,STATEN ISLAND,10307,06/10/2015,06/15/2015,0,0.194
15123457,STATEN ISLAND,10304,06/10/2015,06/16/2015,5,0.118
15123271,FLUSHING,11354,06/10/2015,06/15/2015,10,0.139
15123304,FLUSHING,11358,06/10/2015,06/12/2015,6,0.118
15123352,STATEN ISLAND,10309,06/10/2015,06/15/2015,0,0.116
15123499,LONG ISLAND CITY,11101,06/10/2015,06/12/2015,5,0.089
15123302,STATEN ISLAND,10312,06/10/2015,06/15/2015,3,0.138
15123412,BROOKLYN,11223,06/10/2015,06/16/2015,12,0.05
15123254,BROOKLYN,11213,06/10/2015,06/12/2015,3,0.088
15123296,RIDGEWOOD,11385,06/11/2015,06/16/2015,6,0.091
15123405,STATEN ISLAND,10303,06/11/2015,06/22/2015,3,0.258
15123247,STATEN ISLAND,10307,06/11/2015,06/16/2015,0,0.172
15123437,BROOKLYN,11215,06/11/2015,06/16/2015,4,0.122
15123446,RIDGEWOOD,11385,06/11/2015,06/16/2015,3,0.161
15123515,STATEN ISLAND,10309,06/11/2015,06/16/2015,0,0.118
15123455,WOODSIDE,11377,06/11/2015,06/16/2015,1,0.065
15123233,JAMAICA,11433,06/11/2015,06/16/2015,0,0.146
15123316,RIDGEWOOD,11385,06/11/2015,06/22/2015,7,0.134
15123494,BROOKLYN,11226,06/11/2015,06/16/2015,5,0.119
15123255,STATEN ISLAND,10301,06/11/2015,06/16/2015,32,0.343
15123523,BROOKLYN,11206,06/11/2015,06/16/2015,11,0.167
15123543,BRONX,10462,06/12/2015,06/19/2015,20,0.281
15123231,KEW GARDENS,11415,06/12/2015,06/16/2015,0,0.049
15123502,FOREST HILLS,11375,06/12/2015,06/18/2015,11,0.151
15123329,BROOKLYN,11223,06/12/2015,06/16/2015,4,0.088
15123281,BRONX,10464,06/12/2015,06/16/2015,9,0.149
15123293,BAYSIDE,11361,06/12/2015,06/16/2015,10,0.072
15123313,LITTLE NECK,11363,06/12/2015,06/16/2015,8,0.103
15123308,FLUSHING,11354,06/12/2015,06/18/2015,3,0.11
15123460,STATEN ISLAND,10305,06/13/2015,06/16/2015,89,0.134
15123368,STATEN ISLAND,10312,06/13/2015,06/18/2015,0,0.097
15123443,FOREST HILLS,11375,06/13/2015,06/22/2015,9,0.159
15123351,STATEN ISLAND,10314,06/14/2015,06/17/2015,0,0.043
15123288,FLUSHING,11358,06/14/2015,06/16/2015,14,0.121
15123414,STATEN ISLAND,10305,06/14/2015,06/24/2015,0,0.134
15123305,FLUSHING,11354,06/14/2015,06/17/2015,1,0.239
15123341,STATEN ISLAND,10308,06/15/2015,06/19/2015,0,0.034
15123430,BAYSIDE,11361,06/15/2015,06/16/2015,2,0.05
15123240,SAINT ALBANS,11412,06/15/2015,06/17/2015,2,0.13
15123492,BAYSIDE,11361,06/15/2015,06/18/2015,1,0.185
15123279,BROOKLYN,11234,06/15/2015,06/19/2015,3,0.003
15123263,BROOKLYN,11234,06/16/2015,06/19/2015,0,0.207
15123387,STATEN ISLAND,10306,06/16/2015,06/23/2015,0,0.062
15123386,STATEN ISLAND,10314,06/16/2015,06/23/2015,0,0.279
15123451,FOREST HILLS,11375,06/16/2015,06/19/2015,7,0.157
15123415,STATEN ISLAND,10312,06/17/2015,06/22/2015,0,0.035
15123428,BROOKLYN,11215,06/17/2015,06/30/2015,35,0.152
15123474,BROOKLYN,11230,06/17/2015,06/19/2015,9,0.147
15123337,BROOKLYN,11210,06/18/2015,06/23/2015,5,0.115
15123235,SAINT ALBANS,11412,06/18/2015,06/23/2015,0,0.04
15123370,STATEN ISLAND,10314,06/19/2015,06/25/2015,46,0.092
15123401,STATEN ISLAND,10305,06/19/2015,06/24/2015,0,0.083
15123268,SOUTH RICHMOND HILL,11419,06/19/2015,06/25/2015,3,0.11
15123482,WOODHAVEN,11421,06/19/2015,06/23/2015,9,0.175
15123324,FAR ROCKAWAY,11691,06/20/2015,06/26/2015,0,0.042
15123404,RIDGEWOOD,11385,06/20/2015,06/30/2015,12,0.135
15123450,FLUSHING,11358,06/20/2015,06/23/2015,2,0.12
15123497,BROOKLYN,11220,06/22/2015,06/26/2015,1,0.153
15123332,BROOKLYN,11234,06/22/2015,06/29/2015,6,0.153
15123330,RIDGEWOOD,11385,06/22/2015,06/26/2015,6,0.067
15123310,FLUSHING,11354,06/22/2015,06/29/2015,3,0.15
15123290,BAYSIDE,11361,06/22/2015,06/25/2015,3,0.21
15123367,STATEN ISLAND,10314,06/22/2015,06/26/2015,0,0.142
15123452,FLUSHING,11358,06/23/2015,06/30/2015,5,0.121
15123448,BROOKLYN,11234,06/23/2015,06/29/2015,13,0.125
15123411,STATEN ISLAND,10306,06/23/2015,06/26/2015,10,0.115
15123505,BROOKLYN,11221,06/23/2015,07/01/2015,8,0.157
15123258,BRONX,10470,06/24/2015,06/29/2015,5,0.115
15123541,Brooklyn,11209,06/25/2015,06/29/2015,0,0.023
15123391,STATEN ISLAND,10304,06/25/2015,06/30/2015,0,0.08
15123272,BROOKLYN,11205,06/25/2015,06/30/2015,2,0.208
15123484,FLUSHING,11358,06/25/2015,06/30/2015,2,0.245
15123232,CAMBRIA HEIGHTS,11411,06/25/2015,06/30/2015,6,0.166
15123508,ASTORIA,11106,06/26/2015,06/30/2015,6,0.124
15123470,BRONX,10463,06/26/2015,07/02/2015,1,0.122
15123301,BAYSIDE,11361,06/26/2015,06/30/2015,4,0.092
15123509,OZONE PARK,11416,06/26/2015,06/30/2015,2,0.151
15123425,SAINT ALBANS,11412,06/27/2015,07/02/2015,2,0.091
15123478,FLUSHING,11358,06/28/2015,07/08/2015,4,0.137
15123307,FLUSHING,11358,06/30/2015,07/02/2015,7,0.093
15123228,KEW GARDENS,11415,06/30/2015,07/02/2015,1,0.104
15123477,FAR ROCKAWAY,11693,07/01/2015,07/02/2015,0,0.253
15123338,BROOKLYN,11224,07/01/2015,07/07/2015,0,0.062
15123483,MIDDLE VILLAGE,11379,07/02/2015,07/08/2015,7,0.121
15123378,STATEN ISLAND,10306,07/02/2015,07/08/2015,3,0.109
15123498,BROOKLYN,11210,07/05/2015,07/10/2015,2,0.348
15123239,KEW GARDENS,11415,07/06/2015,07/10/2015,110,0.183
15123421,STATEN ISLAND,10308,07/09/2015,07/14/2015,1,0.136
15123507,BROOKLYN,11228,07/09/2015,07/16/2015,15,0.105
15123480,SPRINGFIELD GARDENS,11413,07/14/2015,07/23/2015,0,0.106
15123252,BROOKLYN,11224,07/15/2015,07/21/2015,0,0.109
15123442,BRONX,10471,07/16/2015,07/27/2015,13,0.285
15123318,STATEN ISLAND,10304,07/17/2015,07/21/2015,7,0.112
15123322,RIDGEWOOD,11385,07/31/2015,08/04/2015,3,0.051
15123277,FLORAL PARK,11001,08/01/2015,08/04/2015,4,0.152
151417,STATEN ISLAND,10312,08/08/2015,08/18/2015,0,0.06
151430,STATEN ISLAND,10301,08/08/2015,08/13/2015,0,0.038
15123551,LITTLE NECK,11362,08/08/2015,08/13/2015,3,0.182
151394,STATEN ISLAND,10309,08/09/2015,08/14/2015,2,0.08
15123286,FOREST HILLS,11375,08/09/2015,08/21/2015,2,0.113
151421,STATEN ISLAND,10309,08/09/2015,08/18/2015,68,0.09
151407,STATEN ISLAND,10303,08/10/2015,08/13/2015,0,0.127
151424,STATEN ISLAND,10309,08/10/2015,08/13/2015,2,0.086
151438,STATEN ISLAND,10309,08/10/2015,08/12/2015,0,0.058
151378,STATEN ISLAND,10309,08/10/2015,08/17/2015,0,0.052
151422,STATEN ISLAND,10309,08/10/2015,08/14/2015,0,0.101
151372,STATEN ISLAND,10309,08/10/2015,08/14/2015,0,0.116
151426,STATEN ISLAND,10314,08/10/2015,08/13/2015,12,0.083
151416,STATEN ISLAND,10309,08/10/2015,08/14/2015,2,0.051
15123550,STATEN ISLAND,10308,08/10/2015,08/14/2015,5,0.101
151365,STATEN ISLAND,10309,08/10/2015,08/17/2015,0,0.101
151398,STATEN ISLAND,10306,08/10/2015,08/13/2015,45,0.061
151447,BROOKLYN,11224,08/11/2015,08/14/2015,0,0.019
151402,STATEN ISLAND,10312,08/11/2015,08/17/2015,0,0.089
151391,STATEN ISLAND,10305,08/11/2015,08/18/2015,0,0.092
151376,STATEN ISLAND,10309,08/11/2015,08/17/2015,5,0.105
151387,STATEN ISLAND,10308,08/11/2015,08/14/2015,0,0.067
151380,STATEN ISLAND,10309,08/11/2015,08/17/2015,0,0.124
151371,STATEN ISLAND,10312,08/11/2015,08/13/2015,6,0.071
151441,STATEN ISLAND,10312,08/11/2015,08/17/2015,0,0.065
151427,STATEN ISLAND,10306,08/11/2015,08/14/2015,0,0.158
151396,STATEN ISLAND,10312,08/11/2015,08/17/2015,2,0.113
151390,STATEN ISLAND,10306,08/11/2015,08/14/2015,2,0.097
151419,FAR ROCKAWAY,11691,08/11/2015,08/14/2015,0,0.072
151367,STATEN ISLAND,10308,08/12/2015,08/19/2015,2,0.078
151436,STATEN ISLAND,10314,08/12/2015,08/18/2015,0,0.116
151373,STATEN ISLAND,10306,08/12/2015,08/17/2015,2,0.13
151418,Brooklyn,11224,08/12/2015,08/17/2015,0,0.155
151413,STATEN ISLAND,10312,08/12/2015,08/14/2015,0,0.073
151414,STATEN ISLAND,10312,08/12/2015,08/18/2015,14,0.066
151384,BROOKLYN,11212,08/12/2015,08/18/2015,1,0.16
151388,STATEN ISLAND,10309,08/12/2015,08/18/2015,0,0.067
151369,STATEN ISLAND,10306,08/12/2015,08/17/2015,7,0.122
15123384,STATEN ISLAND,10309,08/12/2015,08/18/2015,6,0.095
151400,STATEN ISLAND,10309,08/13/2015,08/18/2015,0,0.083
151389,STATEN ISLAND,10308,08/13/2015,08/17/2015,0,0.088
151405,STATEN ISLAND,10312,08/13/2015,08/18/2015,1,0.118
151382,STATEN ISLAND,10306,08/13/2015,08/18/2015,14,0.158
151368,STATEN ISLAND,10306,08/13/2015,08/17/2015,0,0.098
151443,STATEN ISLAND,10314,08/13/2015,08/19/2015,69,0.152
15123390,STATEN ISLAND,10305,08/13/2015,08/19/2015,0,0.158
151437,STATEN ISLAND,10309,08/14/2015,08/18/2015,0,0.097
151385,BROOKLYN,11212,08/14/2015,08/18/2015,0,0.145
151428,STATEN ISLAND,10312,08/14/2015,08/18/2015,4,0.103
151399,STATEN ISLAND,10306,08/14/2015,08/20/2015,0,0.121
15123489,BROOKLYN,11209,08/15/2015,08/18/2015,5,0.172
151381,STATEN ISLAND,10309,08/15/2015,08/19/2015,0,0.179
151379,STATEN ISLAND,10309,08/15/2015,08/18/2015,0,0.061
151409,STATEN ISLAND,10308,08/15/2015,08/19/2015,0,0.142
151377,STATEN ISLAND,10308,08/15/2015,08/19/2015,15,0.148
151429,STATEN ISLAND,10314,08/16/2015,08/24/2015,0,0.093
151395,STATEN ISLAND,10309,08/17/2015,08/21/2015,0,0.065
15123382,STATEN ISLAND,10314,08/18/2015,08/24/2015,6,0.115
151410,STATEN ISLAND,10312,08/18/2015,08/21/2015,4,0.077
151435,STATEN ISLAND,10308,08/19/2015,08/24/2015,0,0.116
151434,STATEN ISLAND,10308,08/20/2015,08/31/2015,0,0.072
151415,STATEN ISLAND,10309,08/24/2015,08/27/2015,0,0.078
151374,STATEN ISLAND,10308,08/26/2015,08/31/2015,0,0.115
151401,Staten Island,10309,08/28/2015,09/04/2015,0,0.131
151411,STATEN ISLAND,10309,08/28/2015,09/02/2015,0,0.069
151383,BROOKLYN,11212,08/29/2015,09/02/2015,0,0.108
151431,STATEN ISLAND,10306,09/01/2015,09/10/2015,3,0.133
151442,STATEN ISLAND,10304,09/01/2015,09/10/2015,1,0.095
151386,STATEN ISLAND,10309,09/02/2015,09/10/2015,0,0.126
151420,SPRINGFIELD GARDENS,11413,09/03/2015,09/11/2015,0,0.05
151375,STATEN ISLAND,10306,09/06/2015,09/15/2015,0,0.081
151444,STATEN ISLAND,10305,09/08/2015,09/11/2015,2,0.257
151403,STATEN ISLAND,10306,09/08/2015,09/15/2015,0,0.178
151446,BROOKLYN,11212,09/08/2015,09/14/2015,0,0.112
151408,STATEN ISLAND,10306,09/20/2015,09/29/2015,1,0.2
151425,STATEN ISLAND,10306,09/20/2015,09/25/2015,0,0.187
151432,STATEN ISLAND,10305,09/21/2015,09/28/2015,0,0.126
151423,STATEN ISLAND,10309,09/21/2015,09/23/2015,0,0.057
151412,STATEN ISLAND,10312,09/24/2015,09/29/2015,64,0.127
15123486,SPRINGFIELD GARDENS,11413,09/27/2015,10/01/2015,6,0.089
151397,STATEN ISLAND,10309,09/28/2015,09/30/2015,0,0.145
16129576,STATEN ISLAND,10301,06/04/2016,06/09/2016,0,0.032
16129347,BROOKLYN,11212,06/04/2016,06/09/2016,1,0.166
16129542,STATEN ISLAND,10306,06/04/2016,06/13/2016,1,0.055
16129627,BROOKLYN,11220,06/05/2016,06/09/2016,4,0.084
16129530,STATEN ISLAND,10308,06/05/2016,06/09/2016,0,0.077
16129624,JAMAICA,11432,06/05/2016,06/09/2016,2,0.075
16129822,BROOKLYN,11232,06/05/2016,06/10/2016,5,0.089
16129803,STATEN ISLAND,10314,06/05/2016,06/09/2016,0,0.158
16129432,BROOKLYN,11230,06/05/2016,06/09/2016,1,0.173
16129354,STATEN ISLAND,10314,06/05/2016,06/09/2016,0,0.108
16129612,BROOKLYN,11226,06/05/2016,06/09/2016,4,0.174
16129393,STATEN ISLAND,10314,06/05/2016,06/09/2016,0,0.124
16129662,RIDGEWOOD,11385,06/05/2016,06/09/2016,2,0.111
16129388,STATEN ISLAND,10307,06/05/2016,06/09/2016,5,0.096
16129672,RIDGEWOOD,11385,06/05/2016,06/09/2016,7,0.206
16129489,BROOKLYN,11204,06/05/2016,06/09/2016,7,0.125
16129389,STATEN ISLAND,10304,06/05/2016,06/09/2016,14,0.138
16129291,BROOKLYN,11234,06/05/2016,06/09/2016,2,0.003
16129555,STATEN ISLAND,10308,06/05/2016,06/09/2016,0,0.105
16129720,STATEN ISLAND,10314,06/05/2016,06/10/2016,0,0.129
16129376,STATEN ISLAND,10308,06/05/2016,06/09/2016,0,0.16
16129605,RICHMOND HILL,11418,06/05/2016,06/13/2016,16,0.217
16129768,STATEN ISLAND,10306,06/05/2016,06/09/2016,2,0.111
16129400,STATEN ISLAND,10305,06/05/2016,06/09/2016,0,0.11
16129697,MIDDLE VILLAGE,11379,06/05/2016,06/09/2016,5,0.121
16129485,MIDDLE VILLAGE,11379,06/05/2016,06/09/2016,8,0.148
16129288,STATEN ISLAND,10301,06/06/2016,06/09/2016,7,0.121
16129338,FAR ROCKAWAY,11691,06/06/2016,06/09/2016,0,0.226
16129276,SOUTH RICHMOND HILL,11419,06/06/2016,06/09/2016,5,0.137
16129307,RIDGEWOOD,11385,06/06/2016,06/09/2016,7,0.135
16129723,STATEN ISLAND,10312,06/06/2016,06/09/2016,29,0.168
16129236,FLUSHING,11354,06/06/2016,06/09/2016,10,0.115
16129336,FOREST HILLS,11375,06/06/2016,06/09/2016,3,0.056
16129366,STATEN ISLAND,10305,06/06/2016,06/09/2016,0,0.102
16129581,STATEN ISLAND,10308,06/06/2016,06/09/2016,1,0.106
16129782,STATEN ISLAND,10314,06/06/2016,06/09/2016,0,0.12
16129441,ASTORIA,11105,06/06/2016,06/09/2016,2,0.133
16129814,JAMAICA,11432,06/06/2016,06/14/2016,4,0.229
16129264,STATEN ISLAND,10307,06/06/2016,06/09/2016,0,0.159
16129345,STATEN ISLAND,10308,06/06/2016,06/09/2016,0,0.02
16129296,FLUSHING,11358,06/06/2016,06/09/2016,6,0.125
16129306,JAMAICA,11432,06/06/2016,06/09/2016,4,0.131
16129359,STATEN ISLAND,10308,06/06/2016,06/09/2016,0,0.102
16129650,BROOKLYN,11223,06/06/2016,06/09/2016,2,0.085
16129408,ASTORIA,11105,06/06/2016,06/10/2016,10,0.132
16129471,BROOKLYN,11234,06/06/2016,06/10/2016,7,0.162
16129261,HOWARD BEACH,11414,06/06/2016,06/09/2016,0,0.132
16129380,STATEN ISLAND,10306,06/06/2016,06/09/2016,0,0.16
16129613,BROOKLYN,11203,06/06/2016,06/09/2016,3,0.114
16129263,OZONE PARK,11417,06/06/2016,06/09/2016,2,0.124
16129465,BROOKLYN,11215,06/06/2016,06/09/2016,3,0.207
16129793,STATEN ISLAND,10312,06/06/2016,06/09/2016,4,0.105
16129279,RICHMOND HILL,11418,06/06/2016,06/09/2016,0,0.01
16129253,JAMAICA,11434,06/06/2016,06/10/2016,0,0.117
16129322,LITTLE NECK,11363,06/06/2016,06/09/2016,7,0.052
16129240,STATEN ISLAND,10308,06/06/2016,06/09/2016,0,0.131
16129526,BROOKLYN,11212,06/06/2016,06/09/2016,1,0.103
16129781,STATEN ISLAND,10314,06/06/2016,06/09/2016,3,0.105
16129658,BROOKLYN,11207,06/06/2016,06/09/2016,7,0.129
16129302,ELMHURST,11373,06/06/2016,06/10/2016,6,0.146
16129519,STATEN ISLAND,10308,06/06/2016,06/09/2016,0,0.075
16129514,STATEN ISLAND,10309,06/06/2016,06/09/2016,0,0.045
16129809,BROOKLYN,11210,06/06/2016,06/09/2016,5,0.094
16129368,STATEN ISLAND,10314,06/06/2016,06/09/2016,0,0.067
16129273,BROOKLYN,11234,06/06/2016,06/09/2016,12,0.129
16129402,STATEN ISLAND,10309,06/06/2016,06/10/2016,0,0.092
16129562,STATEN ISLAND,10309,06/06/2016,06/09/2016,21,0.083
16129270,LITTLE NECK,11363,06/06/2016,06/09/2016,0,0.16
16129757,STATEN ISLAND,10314,06/06/2016,06/09/2016,0,0.121
16129536,STATEN ISLAND,10301,06/06/2016,06/13/2016,0,0.183
16129670,BROOKLYN,11210,06/06/2016,06/09/2016,4,0.176
16129732,STATEN ISLAND,10309,06/07/2016,06/09/2016,0,0.094
16129756,STATEN ISLAND,10309,06/07/2016,06/09/2016,0,0.04
16129689,BROOKLYN,11231,06/07/2016,06/16/2016,5,0.217
16129305,MIDDLE VILLAGE,11379,06/07/2016,06/09/2016,7,0.125
16129259,JAMAICA,11432,06/07/2016,06/09/2016,7,0.162
16129420,FOREST HILLS,11375,06/07/2016,06/14/2016,2,0.152
16129717,BROOKLYN,11204,06/07/2016,06/13/2016,2,0.212
16129239,New York,10010,06/07/2016,06/09/2016,0,0.142
16129332,BROOKLYN,11224,06/07/2016,06/10/2016,0,0.146
16129295,BRONX,10464,06/07/2016,06/10/2016,4,0.206
16129481,WOODHAVEN,11421,06/07/2016,06/09/2016,10,0.199
16129543,STATEN ISLAND,10306,06/07/2016,06/13/2016,0,0.126
16129349,STATEN ISLAND,10308,06/07/2016,06/10/2016,0,0.14
16129406,STATEN ISLAND,10312,06/07/2016,06/09/2016,1,0.156
16129532,STATEN ISLAND,10308,06/07/2016,06/09/2016,0,0.108
16129274,ASTORIA,11102,06/07/2016,06/09/2016,8,0.094
16129431,BROOKLYN,11224,06/07/2016,06/09/2016,4,0.14
16129524,STATEN ISLAND,10306,06/07/2016,06/09/2016,3,0.152
16129629,BROOKLYN,11231,06/07/2016,06/09/2016,2,0.13
16129673,BROOKLYN,11228,06/07/2016,06/09/2016,4,0.144
16129734,BAYSIDE,11361,06/07/2016,06/09/2016,7,0.119
16129754,STATEN ISLAND,10303,06/07/2016,06/09/2016,0,0.143
16129243,BRONX,10457,06/07/2016,06/09/2016,0,0.105
16129352,STATEN ISLAND,10312,06/07/2016,06/09/2016,0,0.117
16129459,FOREST HILLS,11375,06/07/2016,06/09/2016,5,0.116
16129367,STATEN ISLAND,10303,06/07/2016,06/09/2016,3,0.116
16129277,BRONX,10461,06/07/2016,06/09/2016,4,0.118
16129563,STATEN ISLAND,10312,06/07/2016,06/14/2016,0,0.089
16129746,STATEN ISLAND,10307,06/07/2016,06/09/2016,0,0.085
16129241,STATEN ISLAND,10306,06/07/2016,06/09/2016,0,0.049
16129574,STATEN ISLAND,10312,06/07/2016,06/09/2016,4,0.134
16129821,FOREST HILLS,11375,06/07/2016,06/09/2016,7,0.15
16129257,SAINT ALBANS,11412,06/07/2016,06/09/2016,1,0.169
16129651,BROOKLYN,11223,06/07/2016,06/09/2016,21,0.078
16129244,BROOKLYN,11230,06/07/2016,06/09/2016,10,0.224
16129324,JAMAICA,11432,06/07/2016,06/09/2016,0,0.051
16129399,BAYSIDE,11360,06/07/2016,06/09/2016,0,0.144
16129547,STATEN ISLAND,10312,06/07/2016,06/09/2016,0,0.134
16129664,STATEN ISLAND,10301,06/07/2016,06/09/2016,6,0.152
16129237,BROOKLYN,11215,06/07/2016,06/09/2016,5,0.13
16129287,BROOKLYN,11228,06/07/2016,06/09/2016,17,0.141
16129667,BAYSIDE,11361,06/07/2016,06/09/2016,0,0.144
16129726,STATEN ISLAND,10309,06/07/2016,06/13/2016,0,0.127
16129797,BROOKLYN,11218,06/07/2016,06/09/2016,2,0.124
16129724,BROOKLYN,11212,06/07/2016,06/10/2016,0,0.056
16129561,STATEN ISLAND,10309,06/07/2016,06/09/2016,3,0.123
16129565,FAR ROCKAWAY,11691,06/07/2016,06/09/2016,0,0.157
16129641,BROOKLYN,11231,06/07/2016,06/09/2016,4,0.153
16129751,STATEN ISLAND,10312,06/07/2016,06/09/2016,0,0.066
16129572,STATEN ISLAND,10314,06/07/2016,06/09/2016,0,0.037
16129800,BROOKLYN,11229,06/07/2016,06/09/2016,4,0.16
16129286,WOODSIDE,11377,06/07/2016,06/13/2016,5,0.333
16129266,SOUTH RICHMOND HILL,11419,06/08/2016,06/14/2016,0,0.097
16129383,STATEN ISLAND,10314,06/08/2016,06/10/2016,1,0.118
16129328,MASPETH,11378,06/08/2016,06/13/2016,11,0.093
16129570,STATEN ISLAND,10309,06/08/2016,06/13/2016,1,0.097
16129308,MASPETH,11378,06/08/2016,06/13/2016,7,0.094
16129251,STATEN ISLAND,10303,06/08/2016,06/10/2016,4,0.123
16129731,STATEN ISLAND,10314,06/08/2016,06/10/2016,38,0.185
16129362,STATEN ISLAND,10312,06/08/2016,06/13/2016,0,0.12
16129598,NEW YORK,10018,06/08/2016,06/09/2016,5,0.196
16129708,BROOKLYN,11216,06/08/2016,06/10/2016,34,0.123
16129806,FLUSHING,11358,06/08/2016,06/09/2016,3,0.238
16129271,BRONX,10457,06/08/2016,06/09/2016,2,0.032
16129467,STATEN ISLAND,10308,06/08/2016,06/13/2016,2,0.142
16129488,STATEN ISLAND,10306,06/08/2016,06/13/2016,0,0.113
16129663,JACKSON HEIGHTS,11372,06/08/2016,06/10/2016,8,0.154
16129340,FLUSHING,11354,06/08/2016,06/09/2016,4,0.075
16129472,STATEN ISLAND,10310,06/08/2016,06/13/2016,5,0.154
16129267,BROOKLYN,11212,06/08/2016,06/10/2016,2,0.111
16129425,BROOKLYN,11215,06/08/2016,06/13/2016,58,0.15
16129550,STATEN ISLAND,10312,06/08/2016,06/14/2016,2,0.195
16129265,Queens,11435,06/08/2016,06/09/2016,3,0.137
16129634,MIDDLE VILLAGE,11379,06/08/2016,06/09/2016,4,0.066
16129460,BROOKLYN,11229,06/08/2016,06/09/2016,10,0.107
16129283,FLUSHING,11354,06/08/2016,06/09/2016,9,0.125
16129445,BROOKLYN,11234,06/08/2016,06/14/2016,13,0.018
16129312,STATEN ISLAND,10312,06/08/2016,06/10/2016,3,0.124
16129518,STATEN ISLAND,10309,06/08/2016,06/09/2016,6,0.09
16129382,STATEN ISLAND,10314,06/08/2016,06/10/2016,0,0.076
16129820,BRONX,10463,06/08/2016,06/13/2016,5,0.139
16129419,STATEN ISLAND,10309,06/08/2016,06/10/2016,2,0.186
16129434,BROOKLYN,11215,06/08/2016,06/13/2016,5,0.165
16129360,STATEN ISLAND,10306,06/08/2016,06/09/2016,0,0.101
16129573,STATEN ISLAND,10306,06/08/2016,06/09/2016,2,0.236
16129588,STATEN ISLAND,10314,06/08/2016,06/13/2016,146,0.203
16129785,STATEN ISLAND,10308,06/08/2016,06/14/2016,0,0.155
16129511,BROOKLYN,11228,06/08/2016,06/14/2016,2,0.056
16129683,BROOKLYN,11221,06/08/2016,06/13/2016,0,0.194
16129435,STATEN ISLAND,10309,06/09/2016,06/10/2016,0,0.102
16129552,STATEN ISLAND,10303,06/09/2016,06/10/2016,0,0.09
16129351,STATEN ISLAND,10306,06/09/2016,06/10/2016,2,0.129
16129371,STATEN ISLAND,10312,06/09/2016,06/13/2016,0,0.13
16129737,STATEN ISLAND,10306,06/09/2016,06/13/2016,0,0.129
16129819,BROOKLYN,11234,06/09/2016,06/13/2016,3,0.129
16129294,BROOKLYN,11204,06/09/2016,06/13/2016,5,0.134
16129262,SOUTH OZONE PARK,11420,06/09/2016,06/13/2016,0,0.141
16129317,FLUSHING,11354,06/09/2016,06/13/2016,2,0.119
16129454,WOODSIDE,11377,06/09/2016,06/14/2016,4,0.104
16129568,STATEN ISLAND,10309,06/09/2016,06/13/2016,0,0.128
16129385,STATEN ISLAND,10309,06/09/2016,06/13/2016,0,0.081
16129556,STATEN ISLAND,10312,06/09/2016,06/14/2016,2,0.117
16129363,STATEN ISLAND,10308,06/09/2016,06/13/2016,0,0.114
16129238,BAYSIDE,11361,06/09/2016,06/10/2016,1,0.074
16129258,KEW GARDENS,11415,06/09/2016,06/13/2016,1,0.165
16129497,BROOKLYN,11210,06/09/2016,06/13/2016,4,0.096
16129334,BROOKLYN,11223,06/09/2016,06/13/2016,5,0.137
16129690,BROOKLYN,11226,06/09/2016,06/13/2016,5,0.189
16129463,BROOKLYN,11217,06/09/2016,06/13/2016,0,0.029
16129246,STATEN ISLAND,10314,06/09/2016,06/13/2016,0,0.064
16129247,JAMAICA,11433,06/09/2016,06/10/2016,0,0.163
16129375,STATEN ISLAND,10312,06/09/2016,06/10/2016,0,0.104
16129538,STATEN ISLAND,10309,06/09/2016,06/13/2016,2,0.126
16129350,STATEN ISLAND,10306,06/09/2016,06/13/2016,2,0.092
16129531,STATEN ISLAND,10309,06/09/2016,06/10/2016,0,0.102
16129778,STATEN ISLAND,10312,06/09/2016,06/16/2016,0,0.14
16129381,STATEN ISLAND,10309,06/09/2016,06/13/2016,0,0.16
16129242,BROOKLYN,11224,06/09/2016,06/13/2016,0,0.073
16129413,HOWARD BEACH,11414,06/09/2016,06/13/2016,0,0.143
16129491,BAYSIDE,11361,06/09/2016,06/13/2016,2,0.401
16129649,BROOKLYN,11211,06/09/2016,06/13/2016,5,0.096
16129401,STATEN ISLAND,10305,06/09/2016,06/13/2016,0,0.142
16129358,STATEN ISLAND,10304,06/10/2016,06/13/2016,2,0.157
16129495,BROOKLYN,11225,06/10/2016,06/15/2016,51,0.216
16129248,KEW GARDENS,11415,06/10/2016,06/13/2016,0,0.055
16129583,STATEN ISLAND,10309,06/10/2016,06/16/2016,0,0.08
16129292,BRONX,10464,06/10/2016,06/13/2016,6,0.167
16129254,BRONX,10457,06/10/2016,06/13/2016,0,0.037
16129776,STATEN ISLAND,10312,06/10/2016,06/13/2016,44,0.113
16129787,STATEN ISLAND,10308,06/10/2016,06/13/2016,0,0.106
16129813,BROOKLYN,11234,06/10/2016,06/13/2016,4,0.153
16129392,STATEN ISLAND,10314,06/10/2016,06/13/2016,0,0.058
16129559,STATEN ISLAND,10312,06/10/2016,06/13/2016,0,0.129
16129417,STATEN ISLAND,10308,06/10/2016,06/13/2016,0,0.081
16129379,STATEN ISLAND,10306,06/10/2016,06/13/2016,2,0.112
16129811,STATEN ISLAND,10312,06/10/2016,06/13/2016,0,0.132
16129355,STATEN ISLAND,10309,06/10/2016,06/13/2016,0,0.102
16129374,STATEN ISLAND,10309,06/10/2016,06/13/2016,0,0.097
16129416,STATEN ISLAND,10309,06/10/2016,06/13/2016,0,0.04
16129635,OZONE PARK,11417,06/10/2016,06/13/2016,3,0.135
16129801,FOREST HILLS,11375,06/10/2016,06/13/2016,5,0.134
16129804,BROOKLYN,11217,06/10/2016,06/15/2016,1,0.167
16129586,STATEN ISLAND,10312,06/10/2016,06/13/2016,0,0.073
16129772,STATEN ISLAND,10309,06/10/2016,06/13/2016,0,0.061
16129343,BROOKLYN,11224,06/10/2016,06/13/2016,0,0.041
16129496,BROOKLYN,11220,06/10/2016,06/13/2016,0,0.145
16129458,STATEN ISLAND,10305,06/10/2016,06/14/2016,19,0.106
16129252,SAINT ALBANS,11412,06/11/2016,06/13/2016,0,0.074
16129356,STATEN ISLAND,10312,06/11/2016,06/13/2016,0,0.143
16129815,BROOKLYN,11236,06/11/2016,06/13/2016,0,0.151
16129507,BROOKLYN,11228,06/11/2016,06/16/2016,12,0.108
16129448,FLUSHING,11358,06/11/2016,06/13/2016,4,0.149
16129766,BROOKLYN,11224,06/11/2016,06/13/2016,0,0.151
16129694,BROOKLYN,11205,06/11/2016,06/13/2016,6,0.121
16129348,STATEN ISLAND,10309,06/11/2016,06/13/2016,0,0.093
16129748,STATEN ISLAND,10314,06/11/2016,06/14/2016,0,0.136
16129447,STATEN ISLAND,10308,06/11/2016,06/14/2016,0,0.149
16129680,WOODSIDE,11377,06/11/2016,06/14/2016,2,0.116
16129695,MIDDLE VILLAGE,11379,06/11/2016,06/15/2016,11,0.186
16129739,BAYSIDE,11361,06/11/2016,06/17/2016,4,0.182
16129727,STATEN ISLAND,10314,06/11/2016,06/14/2016,1,0.107
16129812,STATEN ISLAND,10309,06/11/2016,06/14/2016,18,0.386
16129316,FLUSHING,11358,06/11/2016,06/13/2016,3,0.091
16129344,WHITESTONE,11357,06/11/2016,06/15/2016,14,0.158
16129608,BROOKLYN,11229,06/12/2016,06/15/2016,2,0.111
16129808,BRONX,10471,06/12/2016,06/17/2016,2,0.116
16129502,JAMAICA,11432,06/12/2016,06/16/2016,2,0.121
16129774,STATEN ISLAND,10306,06/12/2016,06/14/2016,0,0.06
16129510,BROOKLYN,11214,06/12/2016,06/16/2016,2,0.141
16129693,KEW GARDENS,11415,06/12/2016,06/20/2016,3,0.109
16129329,RIDGEWOOD,11385,06/12/2016,06/15/2016,6,0.103
16129790,BRONX,10471,06/12/2016,06/16/2016,0,0.111
16129660,ELMHURST,11373,06/12/2016,06/13/2016,12,0.165
16129407,STATEN ISLAND,10312,06/12/2016,06/14/2016,19,0.12
16129361,STATEN ISLAND,10306,06/12/2016,06/15/2016,0,0.131
16129762,SPRINGFIELD GARDENS,11413,06/12/2016,06/16/2016,0,0.073
16129327,FLUSHING,11358,06/12/2016,06/17/2016,4,0.198
16129564,Brooklyn,11224,06/12/2016,06/15/2016,0,0.231
16129325,RIDGEWOOD,11385,06/12/2016,06/15/2016,11,0.172
16129452,BRONX,10464,06/13/2016,06/16/2016,6,0.314
16129404,STATEN ISLAND,10303,06/13/2016,06/20/2016,16,0.339
16129319,FLUSHING,11354,06/13/2016,06/16/2016,3,0.157
16129337,BROOKLYN,11234,06/13/2016,06/15/2016,7,0.128
16129395,MIDDLE VILLAGE,11379,06/13/2016,06/15/2016,9,0.195
16129250,JAMAICA,11433,06/13/2016,06/14/2016,0,0.109
16129710,REGO PARK,11374,06/13/2016,06/17/2016,7,0.125
16129464,STATEN ISLAND,10310,06/13/2016,06/14/2016,1,0.142
16129700,BAYSIDE,11361,06/13/2016,06/15/2016,6,0.107
16129640,BROOKLYN,11217,06/13/2016,06/16/2016,18,0.189
16129410,STATEN ISLAND,10306,06/13/2016,06/15/2016,0,0.135
16129318,FLUSHING,11358,06/13/2016,06/15/2016,1,0.139
16129539,STATEN ISLAND,10309,06/13/2016,06/16/2016,0,0.14
16129610,WOODSIDE,11377,06/14/2016,06/23/2016,5,0.214
16129521,STATEN ISLAND,10309,06/14/2016,06/15/2016,0,0.085
16129442,OZONE PARK,11417,06/14/2016,06/15/2016,2,0.152
16129480,SAINT ALBANS,11412,06/14/2016,06/17/2016,1,0.196
16129469,BRONX,10463,06/14/2016,06/23/2016,0,0.085
16129477,FLUSHING,11358,06/14/2016,06/20/2016,5,0.116
16129595,STATEN ISLAND,10312,06/14/2016,06/16/2016,0,0.044
16129676,OAKLAND GARDENS,11364,06/14/2016,06/16/2016,3,0.117
16129315,JAMAICA,11432,06/14/2016,06/15/2016,3,0.037
16129703,BROOKLYN,11219,06/14/2016,06/20/2016,4,0.199
16129309,FLUSHING,11358,06/14/2016,06/17/2016,8,0.129
16129810,BROOKLYN,11218,06/14/2016,06/15/2016,9,0.067
16129391,STATEN ISLAND,10304,06/14/2016,06/15/2016,0,0.073
16129599,FRESH MEADOWS,11365,06/14/2016,06/16/2016,2,0.152
16129775,STATEN ISLAND,10309,06/14/2016,06/16/2016,0,0.067
16129369,STATEN ISLAND,10314,06/14/2016,06/16/2016,0,0.138
16129422,STATEN ISLAND,10310,06/14/2016,06/16/2016,2,0.205
16129818,BRONX,10462,06/15/2016,06/23/2016,3,0.109
16129394,STATEN ISLAND,10309,06/15/2016,06/17/2016,0,0.137
16129711,STATEN ISLAND,10301,06/15/2016,06/20/2016,5,0.121
16129696,BROOKLYN,11232,06/15/2016,06/23/2016,2,0.051
16129297,FOREST HILLS,11375,06/15/2016,06/24/2016,0,0.102
16129763,FAR ROCKAWAY,11691,06/15/2016,06/17/2016,0,0.137
16129593,JAMAICA,11434,06/15/2016,06/17/2016,2,0.152
16129323,LITTLE NECK,11362,06/15/2016,06/17/2016,6,0.169
16129503,STATEN ISLAND,10306,06/15/2016,06/17/2016,16,0.133
16129548,STATEN ISLAND,10306,06/15/2016,06/17/2016,0,0.162
16129272,BRONX,10470,06/15/2016,06/17/2016,2,0.074
16129537,RIDGEWOOD,11385,06/16/2016,06/20/2016,7,0.019
16129816,Brooklyn,11209,06/16/2016,06/17/2016,0,0.044
16129346,STATEN ISLAND,10306,06/16/2016,06/20/2016,0,0.117
16129718,STATEN ISLAND,10312,06/16/2016,06/17/2016,0,0.142
16129499,LONG ISLAND CITY,11101,06/16/2016,06/23/2016,3,0.128
16129567,STATEN ISLAND,10309,06/16/2016,06/20/2016,2,0.024
16129789,STATEN ISLAND,10304,06/16/2016,06/17/2016,0,0.067
16129414,STATEN ISLAND,10305,06/16/2016,06/20/2016,0,0.111
16129436,FAR ROCKAWAY,11691,06/16/2016,06/20/2016,2,0.193
16129378,STATEN ISLAND,10314,06/16/2016,06/17/2016,2,0.13
16129589,STATEN ISLAND,10305,06/16/2016,06/20/2016,3,0.282
16129486,BROOKLYN,11225,06/16/2016,06/20/2016,11,0.048
16129758,STATEN ISLAND,10308,06/17/2016,06/23/2016,0,0.14
16129749,STATEN ISLAND,10306,06/17/2016,06/22/2016,17,0.2
16129468,BRONX,10463,06/17/2016,06/20/2016,13,0.068
16129451,RIDGEWOOD,11385,06/17/2016,06/20/2016,15,0.139
16129475,BROOKLYN,11208,06/17/2016,06/20/2016,2,0.13
16129492,QUEENS VILLAGE,11427,06/17/2016,06/20/2016,4,0.11
16129750,BROOKLYN,11234,06/17/2016,06/27/2016,0,0.03
16129655,BROOKLYN,11228,06/17/2016,06/20/2016,0,0.138
16129621,ASTORIA,11103,06/17/2016,06/20/2016,3,0.126
16129268,BROOKLYN,11213,06/17/2016,06/20/2016,0,0.059
16129429,BROOKLYN,11228,06/18/2016,06/21/2016,0,0.015
16129498,LONG ISLAND CITY,11101,06/18/2016,06/21/2016,15,0.124
16129453,WOODSIDE,11377,06/18/2016,06/20/2016,4,0.079
16129522,STATEN ISLAND,10309,06/18/2016,06/20/2016,0,0.147
16129713,BROOKLYN,11208,06/19/2016,06/24/2016,2,0.176
16129551,STATEN ISLAND,10306,06/19/2016,06/24/2016,0,0.177
16129450,FLUSHING,11358,06/19/2016,06/24/2016,4,0.124
16129365,STATEN ISLAND,10306,06/20/2016,06/21/2016,0,0.132
16129275,BROOKLYN,11234,06/20/2016,06/21/2016,0,0.163
16129326,STATEN ISLAND,10304,06/20/2016,06/24/2016,7,0.102
16129282,NEW YORK,10013,06/20/2016,06/24/2016,55,2.037
16129752,BROOKLYN,11224,06/20/2016,06/23/2016,4,0.163
16129771,STATEN ISLAND,10306,06/20/2016,06/24/2016,8,0.117
16129759,STATEN ISLAND,10314,06/20/2016,06/22/2016,4726,0.363
16129544,STATEN ISLAND,10309,06/20/2016,06/23/2016,2,0.138
16129314,FLUSHING,11354,06/21/2016,06/23/2016,1,0.16
16129341,BROOKLYN,11212,06/21/2016,06/28/2016,0,0.072
16129603,STATEN ISLAND,10314,06/21/2016,06/22/2016,2,0.154
16129313,FLUSHING,11358,06/21/2016,06/24/2016,66,0.115
16129333,BROOKLYN,11207,06/21/2016,06/22/2016,1,0.108
16129569,STATEN ISLAND,10309,06/21/2016,06/23/2016,0,0.077
16129587,STATEN ISLAND,10304,06/21/2016,06/23/2016,0,0.097
16129607,BELLEROSE,11426,06/21/2016,06/27/2016,4,0.079
16129792,STATEN ISLAND,10312,06/22/2016,06/23/2016,0,0.112
16129671,BROOKLYN,11211,06/22/2016,06/27/2016,4,0.099
16129725,STATEN ISLAND,10314,06/22/2016,06/28/2016,0,0.072
16129646,BROOKLYN,11226,06/23/2016,06/27/2016,2,0.148
16129284,BROOKLYN,11205,06/23/2016,06/27/2016,3,0.211
16129424,RICHMOND HILL,11418,06/23/2016,06/28/2016,0,0.117
16129600,BROOKLYN,11213,06/23/2016,06/27/2016,3,0.09
16129604,STATEN ISLAND,10309,06/23/2016,06/24/2016,9,0.099
16129440,FOREST HILLS,11375,06/24/2016,06/30/2016,11,0.065
16129427,BAYSIDE,11361,06/24/2016,06/24/2016,3,0.109
16129411,BROOKLYN,11223,06/24/2016,06/27/2016,4,0.049
16129478,FLUSHING,11354,06/24/2016,06/27/2016,5,0.131
16129516,STATEN ISLAND,10308,06/24/2016,06/27/2016,0,0.103
16129584,STATEN ISLAND,10309,06/25/2016,06/27/2016,0,0.107
16129805,BROOKLYN,11238,06/25/2016,06/29/2016,3,0.181
16129269,STATEN ISLAND,10301,06/26/2016,06/29/2016,8,0.159
16129575,STATEN ISLAND,10314,06/27/2016,07/07/2016,0,0.088
16129298,FOREST HILLS,11375,06/28/2016,07/01/2016,6,0.081
16129553,STATEN ISLAND,10309,06/28/2016,07/01/2016,2,0.129
16129335,RIDGEWOOD,11385,06/28/2016,06/30/2016,8,0.069
16129597,BROOKLYN,11206,06/28/2016,07/01/2016,6,0.225
16129614,FOREST HILLS,11375,06/28/2016,07/01/2016,8,0.119
16129616,BROOKLYN,11230,06/28/2016,07/01/2016,13,0.15
16129409,BROOKLYN,11212,06/28/2016,07/01/2016,0,0.099
16129735,FAR ROCKAWAY,11691,06/29/2016,07/05/2016,0,0.115
16129398,BROOKLYN,11218,06/29/2016,07/05/2016,13,0.099
16129320,BELLEROSE,11426,06/29/2016,06/30/2016,6,0.129
16129372,STATEN ISLAND,10314,06/30/2016,07/05/2016,40,0.114
16129601,FAR ROCKAWAY,11694,06/30/2016,07/05/2016,2,0.14
16129753,STATEN ISLAND,10314,06/30/2016,07/05/2016,0,0.129
16129443,RIDGEWOOD,11385,06/30/2016,07/05/2016,3,0.149
16129566,SPRINGFIELD GARDENS,11413,06/30/2016,07/01/2016,0,0.114
16129740,OAKLAND GARDENS,11364,06/30/2016,07/05/2016,0,0.219
16129684,BROOKLYN,11230,06/30/2016,07/11/2016,5,0.141
16129630,SUNNYSIDE,11104,06/30/2016,07/06/2016,5,0.082
16129462,STATEN ISLAND,10308,07/01/2016,07/05/2016,3,0.105
16129636,COLLEGE POINT,11356,07/01/2016,07/06/2016,1,0.049
16129622,SAINT ALBANS,11412,07/01/2016,07/05/2016,2,0.129
16129423,SAINT ALBANS,11412,07/01/2016,07/05/2016,3,0.089
16129626,FOREST HILLS,11375,07/01/2016,07/06/2016,6,0.122
16129386,STATEN ISLAND,10314,07/01/2016,07/01/2016,1,0.246
16129278,BROOKLYN,11201,07/01/2016,07/05/2016,1,0.027
16129648,BROOKLYN,11215,07/01/2016,07/05/2016,2,0.169
16129579,STATEN ISLAND,10314,07/01/2016,07/05/2016,0,0.089
16129736,MASPETH,11378,07/01/2016,07/05/2016,2,0.27
16129449,FOREST HILLS,11375,07/01/2016,07/05/2016,17,0.072
16129577,STATEN ISLAND,10306,07/01/2016,07/07/2016,150,0.135
16129517,STATEN ISLAND,10306,07/02/2016,07/07/2016,11,0.217
16129534,STATEN ISLAND,10305,07/02/2016,07/07/2016,0,0.115
16129535,STATEN ISLAND,10309,07/02/2016,07/05/2016,0,0.045
16129520,STATEN ISLAND,10309,07/02/2016,07/05/2016,0,0.072
16129455,STATEN ISLAND,10304,07/02/2016,07/07/2016,7,0.151
16129370,STATEN ISLAND,10312,07/03/2016,07/14/2016,0,0.103
16129638,BAYSIDE,11361,07/03/2016,07/06/2016,4,0.105
16129707,BROOKLYN,11217,07/04/2016,07/07/2016,8,0.168
16129456,BROOKLYN,11229,07/04/2016,07/07/2016,10,0.1
16129377,STATEN ISLAND,10304,07/05/2016,07/07/2016,23,0.151
16129606,BROOKLYN,11226,07/05/2016,07/07/2016,8,0.177
16129704,BROOKLYN,11216,07/05/2016,07/13/2016,3,0.145
16129645,BROOKLYN,11215,07/05/2016,07/07/2016,2,0.156
16129513,STATEN ISLAND,10312,07/05/2016,07/05/2016,1,0.078
16129618,ASTORIA,11103,07/05/2016,07/06/2016,7,0.196
16129784,STATEN ISLAND,10309,07/05/2016,07/06/2016,18,0.046
16129289,FLORAL PARK,11001,07/06/2016,07/07/2016,2,0.152
16129596,BROOKLYN,11230,07/06/2016,07/08/2016,7,0.11
16129767,BROOKLYN,11236,07/06/2016,07/11/2016,5,0.16
16129299,FLUSHING,11358,07/06/2016,07/06/2016,8,0.088
16129788,BRONX,10463,07/06/2016,07/08/2016,3,0.109
16129508,ASTORIA,11106,07/06/2016,07/07/2016,7,0.111
16129353,STATEN ISLAND,10312,07/06/2016,07/08/2016,10,0.113
16129558,STATEN ISLAND,10312,07/06/2016,07/08/2016,3,0.064
16129686,WHITESTONE,11357,07/07/2016,07/12/2016,4,0.113
16129342,BROOKLYN,11210,07/07/2016,07/14/2016,6,0.108
16129637,FLUSHING,11358,07/07/2016,07/21/2016,7,0.093
16129615,OZONE PARK,11417,07/07/2016,07/11/2016,0,0.029
16129339,EAST ELMHURST,11369,07/07/2016,07/18/2016,31,0.116
16129769,BROOKLYN,11234,07/07/2016,07/11/2016,0,0.173
16129722,BROOKLYN,11212,07/08/2016,07/13/2016,0,0.138
16129709,BROOKLYN,11230,07/08/2016,07/11/2016,6,0.044
16129357,STATEN ISLAND,10306,07/08/2016,07/15/2016,0,0.095
16129505,BROOKLYN,11221,07/08/2016,07/11/2016,4,0.145
16129301,BAYSIDE,11361,07/08/2016,07/15/2016,2,0.165
16129403,RIDGEWOOD,11385,07/09/2016,07/12/2016,7,0.123
16129421,STATEN ISLAND,10308,07/10/2016,07/14/2016,0,0.114
16129777,STATEN ISLAND,10312,07/11/2016,07/14/2016,0,0.084
16129675,CORONA,11368,07/11/2016,07/19/2016,5,0.099
16129515,STATEN ISLAND,10306,07/11/2016,07/15/2016,0,0.118
16129644,BROOKLYN,11213,07/11/2016,07/11/2016,5,0.135
16129799,BROOKLYN,11225,07/11/2016,07/18/2016,9,0.158
16129619,QUEENS VILLAGE,11427,07/11/2016,07/12/2016,8,0.15
16129592,BROOKLYN,11212,07/12/2016,07/14/2016,0,0.087
16129256,KEW GARDENS,11415,07/12/2016,07/15/2016,52,0.165
16129476,FAR ROCKAWAY,11693,07/13/2016,07/13/2016,0,0.227
16129364,STATEN ISLAND,10308,07/13/2016,07/15/2016,1,0.084
16129493,BROOKLYN,11226,07/14/2016,07/18/2016,6,0.124
16129744,BROOKLYN,11224,07/14/2016,07/18/2016,0,0.06
16129397,BRONX,10465,07/15/2016,07/22/2016,3,0.181
16129719,STATEN ISLAND,10309,07/15/2016,07/18/2016,1,0.089
16129446,FLUSHING,11358,07/17/2016,07/19/2016,5,0.133
16129384,STATEN ISLAND,10309,07/18/2016,07/21/2016,8,0.151
16129525,BROOKLYN,11212,07/21/2016,07/25/2016,0,0.044
16129738,STATEN ISLAND,10306,07/21/2016,07/25/2016,0,0.121
16129396,FLUSHING,11358,07/22/2016,07/25/2016,19,0.085
16129390,STATEN ISLAND,10305,07/22/2016,07/27/2016,0,0.143
16129791,STATEN ISLAND,10304,07/23/2016,07/27/2016,6,0.139
16129617,BROOKLYN,11215,07/24/2016,08/02/2016,0,0.135
16129823,BROOKLYN,11224,07/24/2016,07/27/2016,0,0.017
16129706,RIDGEWOOD,11385,07/26/2016,08/02/2016,2,0.096
16129666,BROOKLYN,11229,07/26/2016,07/28/2016,6,0.167
16129653,BRONX,10461,07/26/2016,08/03/2016,7,0.123
16129715,BROOKLYN,11217,07/26/2016,07/28/2016,3,0.158
16129773,STATEN ISLAND,10314,07/28/2016,08/03/2016,0,0.162
16129625,JAMAICA,11434,07/29/2016,08/04/2016,0,0.185
16129474,BROOKLYN,11213,07/29/2016,08/03/2016,1,0.085
16129755,STATEN ISLAND,10309,07/29/2016,08/02/2016,0,0.097
16233485,STATEN ISLAND,10314,08/01/2016,08/05/2016,1,0.13
16129560,STATEN ISLAND,10312,08/01/2016,08/05/2016,2,0.075
16129303,FLUSHING,11355,08/02/2016,08/03/2016,2,0.039
16129643,BROOKLYN,11229,08/02/2016,08/09/2016,27,0.332
16129280,SOUTH RICHMOND HILL,11419,08/04/2016,08/12/2016,3,0.118
16129656,BROOKLYN,11216,08/04/2016,08/08/2016,4,0.056
16129698,MIDDLE VILLAGE,11379,08/04/2016,08/05/2016,17,0.135
16129798,BROOKLYN,11216,08/05/2016,08/10/2016,7,0.331
16129716,SOUTH OZONE PARK,11420,08/05/2016,08/10/2016,2,0.106
16129484,SPRINGFIELD GARDENS,11413,08/06/2016,08/16/2016,5,0.09
16129470,JACKSON HEIGHTS,11372,08/06/2016,08/09/2016,11,0.082
16129571,STATEN ISLAND,10306,08/08/2016,08/11/2016,1,0.178
16129578,STATEN ISLAND,10305,08/10/2016,08/10/2016,0,0.145
16129761,STATEN ISLAND,10314,08/11/2016,08/17/2016,75,0.123
16129415,STATEN ISLAND,10312,08/11/2016,08/15/2016,0,0.052
16129580,STATEN ISLAND,10308,08/13/2016,08/16/2016,1,0.112
16129487,BROOKLYN,11209,08/13/2016,08/15/2016,11,0.115
16129743,BROOKLYN,11224,08/14/2016,08/23/2016,0,0.003
16129741,STATEN ISLAND,10308,08/15/2016,08/19/2016,2,0.071
16129657,BROOKLYN,11217,08/15/2016,08/16/2016,4,0.191
16129387,STATEN ISLAND,10306,08/18/2016,08/22/2016,9,0.11
16129482,FLUSHING,11358,08/21/2016,08/26/2016,3,0.187
16129506,BROOKLYN,11214,08/23/2016,08/29/2016,12,0.137
16129554,STATEN ISLAND,10306,08/23/2016,08/26/2016,1,0.115
16129494,BROOKLYN,11204,08/23/2016,08/30/2016,9,0.145
16129311,BAYSIDE,11361,08/25/2016,08/29/2016,5,0.142
16129557,STATEN ISLAND,10309,08/26/2016,08/29/2016,0,0.096
16129466,NEW YORK,10128,08/27/2016,09/02/2016,19,0.12
16129712,BROOKLYN,11210,08/30/2016,09/02/2016,3,0.062
16129541,STATEN ISLAND,10309,09/01/2016,09/06/2016,1,0.109
16129701,JAMAICA,11434,09/01/2016,09/12/2016,0,0.14
16129405,STATEN ISLAND,10309,09/06/2016,09/12/2016,0,0.11
16129479,SPRINGFIELD GARDENS,11413,09/09/2016,09/12/2016,0,0.133
16129594,BROOKLYN,11224,09/10/2016,09/20/2016,0,0.091
16129691,BROOKLYN,11218,09/13/2016,09/20/2016,6,0.124
16129590,STATEN ISLAND,10310,09/14/2016,09/20/2016,17,0.097
16129639,STATEN ISLAND,10310,09/19/2016,09/21/2016,3,0.051
16129642,BRONX,10460,09/20/2016,09/27/2016,5,0.052
16129685,BROOKLYN,11230,09/20/2016,09/23/2016,7,0.069
16129501,FOREST HILLS,11375,09/23/2016,09/27/2016,3,0.144
16129652,BROOKLYN,11203,09/24/2016,09/28/2016,3,0.176
16129444,RIDGEWOOD,11385,09/27/2016,10/04/2016,5,0.079
16129428,SAINT ALBANS,11412,09/28/2016,10/03/2016,4,0.134
16129747,STATEN ISLAND,10308,09/28/2016,09/30/2016,0,0.125
16129620,BRONX,10461,09/28/2016,10/04/2016,2,0.017
16129633,BAYSIDE,11361,09/29/2016,09/30/2016,1,0.162
16129674,REGO PARK,11374,09/30/2016,10/04/2016,4,0.024
17142058,STATEN ISLAND,10309,06/06/2017,06/09/2017,11,0.105
17141879,STATEN ISLAND,10314,06/06/2017,06/09/2017,0,0.123
17142068,STATEN ISLAND,10314,06/06/2017,06/09/2017,0,0.017
17142165,BROOKLYN,11228,06/06/2017,06/09/2017,2,0.057
17142040,STATEN ISLAND,10306,06/06/2017,06/09/2017,17,0.106
17142152,ELMHURST,11373,06/06/2017,06/12/2017,82,0.132
17142206,BROOKLYN,11217,06/06/2017,06/12/2017,3,0.218
17141873,STATEN ISLAND,10308,06/07/2017,06/12/2017,0,0.102
17141797,SOUTH RICHMOND HILL,11419,06/07/2017,06/09/2017,0,0.148
17142273,STATEN ISLAND,10314,06/07/2017,06/09/2017,0,0.124
17141850,FAR ROCKAWAY,11691,06/07/2017,06/09/2017,1,0.289
17141822,RIDGEWOOD,11385,06/07/2017,06/09/2017,5,0.057
17141773,SAINT ALBANS,11412,06/07/2017,06/12/2017,0,0.032
17142060,Brooklyn,11224,06/07/2017,06/09/2017,0,0.141
17142066,STATEN ISLAND,10309,06/07/2017,06/09/2017,1,0.122
17142226,FAR ROCKAWAY,11691,06/07/2017,06/12/2017,0,0.112
17142315,RIDGEWOOD,11385,06/07/2017,06/13/2017,3,0.046
17142118,JAMAICA,11432,06/07/2017,06/09/2017,2,0.107
17141813,FLUSHING,11358,06/07/2017,06/12/2017,11,0.173
17141856,STATEN ISLAND,10308,06/07/2017,06/12/2017,0,0.109
17142030,STATEN ISLAND,10308,06/07/2017,06/09/2017,0,0.107
17142164,RIDGEWOOD,11385,06/07/2017,06/12/2017,6,0.154
17142174,SOUTH OZONE PARK,11420,06/07/2017,06/09/2017,10,0.062
17142247,STATEN ISLAND,10309,06/07/2017,06/09/2017,3,0.074
17142323,BROOKLYN,11234,06/07/2017,06/12/2017,8,0.133
17141963,FOREST HILLS,11375,06/07/2017,06/09/2017,5,0.123
17141934,BAYSIDE,11361,06/07/2017,06/08/2017,4,0.109
17141878,STATEN ISLAND,10303,06/07/2017,06/09/2017,0,0.114
17141979,FAR ROCKAWAY,11693,06/07/2017,06/09/2017,0,0.056
17141775,BRONX,10457,06/07/2017,06/09/2017,0,0.038
17142046,STATEN ISLAND,10312,06/07/2017,06/13/2017,2,0.181
17142225,BAYSIDE,11361,06/07/2017,06/08/2017,11,0.066
17142208,BROOKLYN,11204,06/07/2017,06/12/2017,0,0.205
17142123,BROOKLYN,11231,06/07/2017,06/09/2017,2,0.091
17141889,STATEN ISLAND,10306,06/07/2017,06/09/2017,2,0.105
17141920,STATEN ISLAND,10306,06/07/2017,06/09/2017,0,0.13
17141953,STATEN ISLAND,10308,06/07/2017,06/09/2017,0,0.097
17142172,WOODSIDE,11377,06/07/2017,06/13/2017,3,0.05
17141776,BROOKLYN,11212,06/07/2017,06/19/2017,0,0.074
17142257,BROOKLYN,11224,06/07/2017,06/09/2017,0,0.13
17142310,STATEN ISLAND,10306,06/07/2017,06/09/2017,0,0.124
17141818,ELMHURST,11373,06/07/2017,06/09/2017,4,0.156
17141885,STATEN ISLAND,10309,06/07/2017,06/09/2017,0,0.036
17141903,STATEN ISLAND,10314,06/07/2017,06/09/2017,0,0.038
17142259,STATEN ISLAND,10306,06/07/2017,06/09/2017,1,0.078
17141835,LITTLE NECK,11363,06/07/2017,06/12/2017,9,0.051
17142266,STATEN ISLAND,10309,06/07/2017,06/09/2017,0,0.077
17142337,BRONX,10463,06/07/2017,06/09/2017,5,0.148
17141829,JAMAICA,11432,06/07/2017,06/14/2017,3,0.097
17141855,WHITESTONE,11357,06/07/2017,06/09/2017,6,0.153
17141941,BROOKLYN,11215,06/07/2017,06/09/2017,5,0.165
17142237,STATEN ISLAND,10307,06/07/2017,06/09/2017,0,0.037
17141899,STATEN ISLAND,10304,06/07/2017,06/13/2017,37,0.134
17142042,STATEN ISLAND,10309,06/07/2017,06/12/2017,0,0.115
17141870,STATEN ISLAND,10306,06/07/2017,06/09/2017,1,0.123
17142063,STATEN ISLAND,10309,06/07/2017,06/09/2017,0,0.152
17142159,BAYSIDE,11361,06/07/2017,06/09/2017,2,0.115
17141886,STATEN ISLAND,10308,06/07/2017,06/09/2017,0,0.133
17141987,MIDDLE VILLAGE,11379,06/07/2017,06/13/2017,7,0.143
17142101,BELLEROSE,11426,06/07/2017,06/09/2017,3,0.246
17141844,BROOKLYN,11224,06/07/2017,06/09/2017,1,0.161
17142048,STATEN ISLAND,10303,06/07/2017,06/12/2017,0,0.147
17141770,BROOKLYN,11230,06/07/2017,06/09/2017,5,0.211
17142137,BROOKLYN,11229,06/07/2017,06/09/2017,4,0.197
17141912,STATEN ISLAND,10309,06/07/2017,06/12/2017,0,0.111
17141792,BRONX,10457,06/08/2017,06/14/2017,4,0.106
17142038,STATEN ISLAND,10312,06/08/2017,06/13/2017,4,0.175
17142128,MIDDLE VILLAGE,11379,06/08/2017,06/13/2017,1,0.114
17142338,BROOKLYN,11232,06/08/2017,06/13/2017,5,0.12
17141852,FLUSHING,11354,06/08/2017,06/13/2017,3,0.065
17141896,STATEN ISLAND,10314,06/08/2017,06/09/2017,2,0.143
17141774,JAMAICA,11434,06/08/2017,06/08/2017,0,0.097
17141782,HOWARD BEACH,11414,06/08/2017,06/09/2017,0,0.102
17141812,BRONX,10464,06/08/2017,06/12/2017,5,0.116
17141861,STATEN ISLAND,10306,06/08/2017,06/14/2017,1,0.082
17142107,BROOKLYN,11203,06/08/2017,06/13/2017,3,0.116
17142221,STATEN ISLAND,10314,06/08/2017,06/09/2017,0,0.087
17142330,STATEN ISLAND,10309,06/08/2017,06/13/2017,1,0.242
17142334,Brooklyn,11209,06/08/2017,06/09/2017,0,0.058
17141923,HOWARD BEACH,11414,06/08/2017,06/09/2017,0,0.169
17142014,STATEN ISLAND,10306,06/08/2017,06/09/2017,0,0.119
17142144,BROOKLYN,11223,06/08/2017,06/09/2017,2,0.122
17141758,BROOKLYN,11215,06/08/2017,06/09/2017,6,0.137
17141762,New York,10010,06/08/2017,06/14/2017,0,0.159
17141767,BRONX,10457,06/08/2017,06/09/2017,0,0.157
17141862,STATEN ISLAND,10306,06/08/2017,06/09/2017,0,0.157
17141876,STATEN ISLAND,10306,06/08/2017,06/09/2017,1,0.131
17141857,STATEN ISLAND,10306,06/08/2017,06/13/2017,0,0.106
17141911,STATEN ISLAND,10305,06/08/2017,06/13/2017,2,0.157
17141865,STATEN ISLAND,10314,06/08/2017,06/09/2017,0,0.023
17141969,NEW YORK,10128,06/08/2017,06/12/2017,5,0.117
17142134,BROOKLYN,11217,06/08/2017,06/19/2017,9,0.155
17141778,SAINT ALBANS,11412,06/08/2017,06/13/2017,2,0.189
17141892,STATEN ISLAND,10314,06/08/2017,06/09/2017,0,0.024
17141990,STATEN ISLAND,10306,06/08/2017,06/09/2017,0,0.116
17142023,STATEN ISLAND,10306,06/08/2017,06/09/2017,2,0.143
17142284,STATEN ISLAND,10312,06/08/2017,06/12/2017,3,0.066
17142308,BROOKLYN,11218,06/08/2017,06/13/2017,17,0.106
17142339,FOREST HILLS,11375,06/08/2017,06/09/2017,10,0.157
17141791,LITTLE NECK,11363,06/08/2017,06/09/2017,4,18.17
17141949,RIDGEWOOD,11385,06/08/2017,06/19/2017,4,0.032
17141806,BROOKLYN,11228,06/08/2017,06/09/2017,14,0.142
17142142,BROOKLYN,11215,06/08/2017,06/15/2017,2,0.149
17142070,STATEN ISLAND,10312,06/08/2017,06/12/2017,3,0.137
17142081,STATEN ISLAND,10312,06/08/2017,06/19/2017,0,0.079
17142044,STATEN ISLAND,10312,06/08/2017,06/13/2017,0,0.084
17142267,STATEN ISLAND,10312,06/08/2017,06/12/2017,2,0.09
17141888,STATEN ISLAND,10314,06/08/2017,06/12/2017,0,0.141
17141845,BROOKLYN,11207,06/08/2017,06/12/2017,0,0.107
17142143,BROOKLYN,11211,06/08/2017,06/09/2017,6,0.112
17141917,STATEN ISLAND,10312,06/08/2017,06/14/2017,13,0.108
17141786,Queens,11435,06/08/2017,06/09/2017,4,0.164
17141993,QUEENS VILLAGE,11427,06/08/2017,06/09/2017,5,0.13
17142320,WHITESTONE,11357,06/08/2017,06/13/2017,7,0.159
17141898,STATEN ISLAND,10307,06/08/2017,06/13/2017,0,0.274
17141824,FLUSHING,11358,06/08/2017,06/13/2017,6,0.155
17142321,RICHMOND HILL,11418,06/08/2017,06/09/2017,3,0.07
17142214,STATEN ISLAND,10312,06/08/2017,06/12/2017,3,0.113
17141997,BROOKLYN,11220,06/08/2017,06/13/2017,3,0.187
17141858,BROOKLYN,11212,06/08/2017,06/13/2017,2,0.144
17141846,BROOKLYN,11223,06/08/2017,06/09/2017,3,0.085
17142093,FRESH MEADOWS,11365,06/08/2017,06/09/2017,0,0.134
17142029,STATEN ISLAND,10309,06/08/2017,06/12/2017,0,0.155
17141836,LITTLE NECK,11362,06/08/2017,06/13/2017,9,0.204
17141841,MASPETH,11378,06/09/2017,06/13/2017,3,0.131
17141787,SOUTH RICHMOND HILL,11419,06/09/2017,06/13/2017,0,0.076
17142304,HOLLIS,11423,06/09/2017,06/14/2017,4,0.102
17141780,JAMAICA,11432,06/09/2017,06/13/2017,5,0.171
17141877,STATEN ISLAND,10305,06/09/2017,06/13/2017,0,0.118
17141942,STATEN ISLAND,10309,06/09/2017,06/14/2017,0,0.129
17141983,SAINT ALBANS,11412,06/09/2017,06/13/2017,0,0.181
17141761,BROOKLYN,11224,06/09/2017,06/14/2017,0,0.138
17141823,MASPETH,11378,06/09/2017,06/14/2017,9,0.112
17141928,FOREST HILLS,11375,06/09/2017,06/15/2017,2,0.164
17142332,JAMAICA,11432,06/09/2017,06/15/2017,3,0.22
17141760,FLUSHING,11354,06/09/2017,06/12/2017,6,0.118
17141764,KEW GARDENS,11415,06/09/2017,06/14/2017,0,0.111
17141811,BROOKLYN,11204,06/09/2017,06/13/2017,4,0.159
17141821,JAMAICA,11432,06/09/2017,06/13/2017,4,0.122
17141890,STATEN ISLAND,10306,06/09/2017,06/14/2017,0,0.156
17142100,BROOKLYN,11226,06/09/2017,06/14/2017,19,0.109
17142303,JAMAICA,11432,06/09/2017,06/14/2017,0,0.214
17141763,BAYSIDE,11361,06/09/2017,06/12/2017,0,0.237
17142092,NEW YORK,10018,06/09/2017,06/13/2017,5,0.153
17141757,STATEN ISLAND,10308,06/09/2017,06/14/2017,0,0.138
17141779,KEW GARDENS,11415,06/09/2017,06/14/2017,1,0.156
17141905,MIDDLE VILLAGE,11379,06/09/2017,06/14/2017,119,0.182
17141981,FLUSHING,11354,06/09/2017,06/13/2017,11,0.138
17142098,STATEN ISLAND,10309,06/09/2017,06/13/2017,11,0.161
17142241,BROOKLYN,11234,06/09/2017,06/13/2017,0,0.128
17142329,STATEN ISLAND,10312,06/09/2017,06/12/2017,0,0.091
17141964,BROOKLYN,11229,06/09/2017,06/13/2017,11,0.118
17142018,STATEN ISLAND,10308,06/09/2017,06/13/2017,0,0.147
17141902,STATEN ISLAND,10314,06/09/2017,06/13/2017,0,0.106
17141943,QUEENS,11691,06/09/2017,06/12/2017,1,0.229
17141986,SPRINGFIELD GARDENS,11413,06/09/2017,06/14/2017,5,0.132
17142002,JAMAICA,11432,06/09/2017,06/13/2017,14,0.746
17142263,STATEN ISLAND,10309,06/09/2017,06/13/2017,0,0.077
17142037,STATEN ISLAND,10309,06/09/2017,06/14/2017,3,0.249
17142065,STATEN ISLAND,10309,06/09/2017,06/13/2017,0,0.086
17142103,BAYSIDE,11360,06/09/2017,06/13/2017,2,0.031
17141815,FOREST HILLS,11375,06/10/2017,06/14/2017,9,0.105
17141880,STATEN ISLAND,10314,06/10/2017,06/14/2017,5,0.171
17142089,BROOKLYN,11224,06/10/2017,06/14/2017,0,0.094
17142307,BROOKLYN,11228,06/10/2017,06/14/2017,8,0.147
17142253,SPRINGFIELD GARDENS,11413,06/10/2017,06/14/2017,0,0.145
17141839,STATEN ISLAND,10304,06/10/2017,06/19/2017,9,0.143
17141975,STATEN ISLAND,10310,06/10/2017,06/15/2017,5,0.146
17141788,BROOKLYN,11212,06/10/2017,06/13/2017,4,0.181
17141859,STATEN ISLAND,10309,06/10/2017,06/13/2017,0,0.089
17142187,BROOKLYN,11232,06/10/2017,06/14/2017,3,0.052
17142331,BROOKLYN,11234,06/10/2017,06/14/2017,4,0.169
17141952,FLUSHING,11358,06/10/2017,06/14/2017,58,0.159
17141807,STATEN ISLAND,10301,06/10/2017,06/13/2017,4,0.085
17142079,STATEN ISLAND,10309,06/10/2017,06/13/2017,0,0.079
17141820,MIDDLE VILLAGE,11379,06/10/2017,06/14/2017,7,0.144
17142020,STATEN ISLAND,10309,06/10/2017,06/14/2017,0,0.105
17142209,STATEN ISLAND,10312,06/10/2017,06/13/2017,1,0.112
17142051,STATEN ISLAND,10308,06/10/2017,06/13/2017,2,0.135
17141766,STATEN ISLAND,10314,06/10/2017,06/13/2017,1,0.192
17141827,FLUSHING,11358,06/10/2017,06/13/2017,6,0.131
17141925,STATEN ISLAND,10309,06/10/2017,06/13/2017,0,0.045
17142061,FAR ROCKAWAY,11691,06/10/2017,06/14/2017,0,0.165
17141950,BROOKLYN,11234,06/10/2017,06/13/2017,8,0.014
17142021,STATEN ISLAND,10309,06/10/2017,06/13/2017,0,0.162
17142292,FOREST HILLS,11375,06/10/2017,06/13/2017,4,0.168
17142175,BROOKLYN,11221,06/10/2017,06/15/2017,0,0.194
17142102,BROOKLYN,11229,06/10/2017,06/13/2017,4,0.419
17141832,FLUSHING,11358,06/10/2017,06/13/2017,2,0.15
17142281,BRONX,10471,06/10/2017,06/15/2017,65,0.734
17142229,STATEN ISLAND,10306,06/10/2017,06/14/2017,0,0.106
17141772,STATEN ISLAND,10303,06/10/2017,06/13/2017,0,0.127
17141936,BROOKLYN,11228,06/10/2017,06/13/2017,30,0.048
17142333,BROOKLYN,11236,06/11/2017,06/16/2017,1,0.144
17142010,BROOKLYN,11214,06/11/2017,06/14/2017,2,0.152
17142080,STATEN ISLAND,10309,06/11/2017,06/14/2017,0,0.101
17142121,BROOKLYN,11220,06/11/2017,06/13/2017,3,0.089
17142145,BROOKLYN,11223,06/11/2017,06/13/2017,9,0.066
17141795,ASTORIA,11102,06/11/2017,06/13/2017,9,0.111
17141864,STATEN ISLAND,10312,06/11/2017,06/14/2017,2,0.141
17141916,STATEN ISLAND,10312,06/11/2017,06/15/2017,39,0.127
17142223,STATEN ISLAND,10309,06/11/2017,06/15/2017,0,0.131
17141913,RIDGEWOOD,11385,06/11/2017,06/13/2017,7,0.132
17141948,RIDGEWOOD,11385,06/11/2017,06/13/2017,3,0.132
17142109,OZONE PARK,11417,06/11/2017,06/15/2017,2,0.159
17141938,BROOKLYN,11224,06/11/2017,06/13/2017,8,0.161
17142017,STATEN ISLAND,10309,06/11/2017,06/15/2017,2,0.172
17141992,BAYSIDE,11361,06/11/2017,06/13/2017,5,0.305
17142242,STATEN ISLAND,10312,06/11/2017,06/14/2017,0,0.04
17142201,REGO PARK,11374,06/11/2017,06/13/2017,8,0.146
17142198,BROOKLYN,11217,06/11/2017,06/15/2017,4,0.041
17142254,FAR ROCKAWAY,11691,06/11/2017,06/13/2017,1,0.214
17142033,STATEN ISLAND,10309,06/11/2017,06/13/2017,0,0.111
17141840,FLUSHING,11358,06/11/2017,06/13/2017,37,0.205
17142173,BROOKLYN,11217,06/11/2017,06/14/2017,1,0.121
17141965,STATEN ISLAND,10308,06/12/2017,06/13/2017,0,0.084
17142268,STATEN ISLAND,10312,06/12/2017,06/14/2017,1,0.099
17141784,OZONE PARK,11417,06/12/2017,06/14/2017,2,0.088
17142064,STATEN ISLAND,10309,06/12/2017,06/14/2017,0,0.145
17141849,BROOKLYN,11234,06/12/2017,06/14/2017,8,0.138
17141868,STATEN ISLAND,10306,06/12/2017,06/15/2017,0,0.109
17141793,BRONX,10470,06/12/2017,06/14/2017,7,0.149
17141895,STATEN ISLAND,10309,06/12/2017,06/15/2017,2,0.093
17142140,BROOKLYN,11226,06/12/2017,06/19/2017,6,0.188
17142245,STATEN ISLAND,10303,06/12/2017,06/14/2017,2,0.06
17141927,STATEN ISLAND,10309,06/12/2017,06/13/2017,3,0.264
17141996,BROOKLYN,11225,06/12/2017,06/16/2017,114,0.215
17142230,BAYSIDE,11361,06/12/2017,06/14/2017,6,0.171
17141790,STATEN ISLAND,10301,06/12/2017,06/14/2017,7,0.196
17141863,STATEN ISLAND,10312,06/12/2017,06/14/2017,0,0.046
17142007,BROOKLYN,11228,06/12/2017,06/16/2017,7,0.162
17142278,STATEN ISLAND,10308,06/12/2017,06/14/2017,0,0.166
17142095,FAR ROCKAWAY,11694,06/12/2017,06/16/2017,2,0.156
17142099,RICHMOND HILL,11418,06/12/2017,06/15/2017,1,0.306
17141768,JAMAICA,11433,06/12/2017,06/14/2017,0,0.168
17141882,STATEN ISLAND,10312,06/12/2017,06/15/2017,0,0.152
17142036,STATEN ISLAND,10309,06/12/2017,06/14/2017,0,0.13
17141974,BROOKLYN,11234,06/12/2017,06/19/2017,9,0.167
17142170,BROOKLYN,11228,06/12/2017,06/15/2017,0,0.191
17142055,STATEN ISLAND,10312,06/13/2017,06/15/2017,1,0.131
17142234,BROOKLYN,11224,06/13/2017,06/14/2017,2,0.066
17141955,RIDGEWOOD,11385,06/13/2017,06/19/2017,14,0.158
17142244,STATEN ISLAND,10314,06/13/2017,06/14/2017,5,0.156
17142124,SUNNYSIDE,11104,06/13/2017,06/19/2017,7,0.141
17141800,RICHMOND HILL,11418,06/13/2017,06/14/2017,2,0.011
17141798,BRONX,10461,06/13/2017,06/15/2017,3,0.108
17141968,BROOKLYN,11215,06/13/2017,06/15/2017,3,0.192
17141765,CAMBRIA HEIGHTS,11411,06/13/2017,06/19/2017,2,0.107
17141805,WOODSIDE,11377,06/13/2017,06/15/2017,8,0.185
17142013,STATEN ISLAND,10309,06/13/2017,06/15/2017,0,0.066
17142045,STATEN ISLAND,10306,06/13/2017,06/15/2017,0,0.141
17141871,STATEN ISLAND,10306,06/13/2017,06/15/2017,3,0.184
17142011,BROOKLYN,11228,06/13/2017,06/16/2017,4,0.025
17141828,FLUSHING,11354,06/13/2017,06/15/2017,3,0.17
17141904,STATEN ISLAND,10309,06/14/2017,06/19/2017,0,0.134
17142076,STATEN ISLAND,10308,06/14/2017,06/19/2017,0,0.114
17142088,STATEN ISLAND,10312,06/14/2017,06/16/2017,0,0.053
17142335,BRONX,10462,06/14/2017,06/19/2017,0,0.066
17142276,STATEN ISLAND,10308,06/14/2017,06/19/2017,0,0.17
17142162,BROOKLYN,11210,06/14/2017,06/19/2017,3,0.098
17141988,BROOKLYN,11225,06/14/2017,06/15/2017,11,0.096
17142274,BROOKLYN,11224,06/14/2017,06/16/2017,0,0.042
17142059,STATEN ISLAND,10312,06/14/2017,06/16/2017,1,0.147
17141769,KEW GARDENS,11415,06/14/2017,06/16/2017,0,0.039
17142324,BROOKLYN,11223,06/14/2017,06/15/2017,5,0.179
17142077,STATEN ISLAND,10308,06/14/2017,06/19/2017,2,0.086
17141838,RIDGEWOOD,11385,06/14/2017,06/19/2017,9,0.141
17142012,STATEN ISLAND,10312,06/14/2017,06/15/2017,0,0.151
17141785,STATEN ISLAND,10307,06/15/2017,06/19/2017,0,0.164
17141810,BRONX,10464,06/15/2017,06/19/2017,6,0.145
17141930,STATEN ISLAND,10310,06/15/2017,06/19/2017,1,0.169
17142147,BRONX,10461,06/15/2017,06/19/2017,6,0.12
17142272,STATEN ISLAND,10314,06/15/2017,06/16/2017,2,0.089
17141759,STATEN ISLAND,10306,06/15/2017,06/19/2017,0,0.093
17141809,BROOKLYN,11234,06/15/2017,06/19/2017,2,0.004
17142248,STATEN ISLAND,10314,06/15/2017,06/19/2017,0,0.092
17142250,STATEN ISLAND,10314,06/16/2017,06/19/2017,0,0.156
17142283,STATEN ISLAND,10312,06/16/2017,06/19/2017,0,0.107
17141869,STATEN ISLAND,10308,06/16/2017,06/19/2017,0,0.09
17142115,ASTORIA,11103,06/16/2017,06/19/2017,3,0.115
17142105,BROOKLYN,11217,06/16/2017,06/19/2017,4,0.22
17142120,FOREST HILLS,11375,06/16/2017,06/22/2017,0,0.097
17142336,BROOKLYN,11234,06/16/2017,06/19/2017,3,0.126
17142151,BROOKLYN,11207,06/16/2017,06/19/2017,6,0.138
17141947,OZONE PARK,11417,06/16/2017,06/21/2017,3,0.129
17142265,STATEN ISLAND,10306,06/17/2017,06/21/2017,0,0.076
17142309,BROOKLYN,11209,06/17/2017,06/22/2017,0,0.239
17141830,FLUSHING,11358,06/17/2017,06/19/2017,4,0.083
17142028,STATEN ISLAND,10308,06/17/2017,06/22/2017,0,0.122
17141860,STATEN ISLAND,10308,06/17/2017,06/22/2017,15,0.246
17141908,BROOKLYN,11218,06/17/2017,06/21/2017,9,0.115
17142240,STATEN ISLAND,10306,06/17/2017,06/22/2017,2,0.195
17142034,STATEN ISLAND,10301,06/17/2017,06/21/2017,0,0.181
17141922,NEW YORK,10075,06/17/2017,06/22/2017,9,0.032
17141918,ASTORIA,11105,06/17/2017,06/19/2017,11,0.155
17141891,STATEN ISLAND,10309,06/17/2017,06/20/2017,0,0.111
17142155,JACKSON HEIGHTS,11372,06/18/2017,06/20/2017,4,0.101
17141808,FLORAL PARK,11001,06/18/2017,06/20/2017,2,0.161
17142295,BROOKLYN,11217,06/18/2017,06/22/2017,1,0.178
17142286,BROOKLYN,11225,06/18/2017,06/22/2017,1,0.213
17142186,MIDDLE VILLAGE,11379,06/18/2017,06/22/2017,4,0.167
17142312,BROOKLYN,11212,06/18/2017,06/26/2017,0,0.048
17141789,BROOKLYN,11213,06/18/2017,06/20/2017,3,0.102
17142071,STATEN ISLAND,10314,06/18/2017,06/21/2017,0,0.071
17142213,BROOKLYN,11212,06/19/2017,06/22/2017,0,0.148
17142297,FLUSHING,11358,06/19/2017,06/20/2017,2,0.18
17142235,BROOKLYN,11224,06/19/2017,06/22/2017,0,0.084
17142300,BROOKLYN,11214,06/19/2017,06/22/2017,1,0.117
17142154,RIDGEWOOD,11385,06/19/2017,06/22/2017,2,0.165
17141980,FLUSHING,11358,06/19/2017,06/22/2017,4,0.114
17142094,BROOKLYN,11213,06/19/2017,06/21/2017,2,0.07
17141977,BROOKLYN,11213,06/19/2017,06/26/2017,0,0.173
17141933,BROOKLYN,11215,06/19/2017,06/23/2017,6,0.178
17141803,FLUSHING,11354,06/19/2017,06/21/2017,13,0.125
17142325,BRONX,10471,06/19/2017,06/21/2017,2,0.077
17142106,BROOKLYN,11226,06/19/2017,06/20/2017,4,0.197
17142026,BROOKLYN,11212,06/19/2017,06/23/2017,1,0.093
17142216,STATEN ISLAND,10314,06/19/2017,06/26/2017,0,0.04
17141999,LONG ISLAND CITY,11101,06/20/2017,06/23/2017,7,0.052
17142191,JAMAICA,11432,06/20/2017,06/21/2017,3,0.206
17142193,BROOKLYN,11204,06/20/2017,06/26/2017,12,0.06
17141971,BRONX,10463,06/20/2017,06/23/2017,20,0.114
17142097,STATEN ISLAND,10314,06/20/2017,06/22/2017,1,0.047
17141866,STATEN ISLAND,10309,06/20/2017,06/22/2017,0,0.129
17142207,SOUTH OZONE PARK,11420,06/20/2017,06/22/2017,1,0.106
17142302,FLUSHING,11358,06/20/2017,06/21/2017,35,0.12
17142069,STATEN ISLAND,10306,06/20/2017,06/22/2017,0,0.176
17142057,STATEN ISLAND,10309,06/20/2017,06/23/2017,0,0.122
17142135,BROOKLYN,11231,06/20/2017,06/22/2017,4,0.158
17142224,FAR ROCKAWAY,11691,06/20/2017,06/23/2017,0,0.128
17141794,BROOKLYN,11234,06/20/2017,06/26/2017,7,0.142
17142116,SAINT ALBANS,11412,06/20/2017,06/26/2017,2,0.079
17141771,JAMAICA,11433,06/21/2017,06/22/2017,0,0.175
17141978,BROOKLYN,11208,06/21/2017,06/23/2017,0,0.044
17142256,STATEN ISLAND,10309,06/21/2017,06/26/2017,9,0.172
17142139,BROOKLYN,11215,06/21/2017,06/22/2017,4,0.178
17142326,BROOKLYN,11228,06/21/2017,06/26/2017,6,0.219
17141851,EAST ELMHURST,11369,06/21/2017,06/26/2017,5,0.079
17142282,STATEN ISLAND,10304,06/22/2017,06/26/2017,0,0.135
17142083,STATEN ISLAND,10314,06/22/2017,06/29/2017,2,0.115
17142016,STATEN ISLAND,10308,06/23/2017,06/26/2017,0,0.127
17141932,RICHMOND HILL,11418,06/23/2017,06/27/2017,0,0.242
17142210,STATEN ISLAND,10309,06/23/2017,06/26/2017,2,0.119
17142130,COLLEGE POINT,11356,06/23/2017,06/27/2017,4,0.114
17142179,BROOKLYN,11214,06/23/2017,06/27/2017,1,0.06
17142104,WOODSIDE,11377,06/24/2017,06/26/2017,7,0.186
17141837,JAMAICA,11432,06/24/2017,06/26/2017,0,0.043
17142156,STATEN ISLAND,10301,06/24/2017,06/27/2017,44,0.126
17142218,STATEN ISLAND,10314,06/25/2017,06/27/2017,0,0.103
17141853,BROOKLYN,11212,06/25/2017,06/30/2017,1,0.074
17142322,BROOKLYN,11228,06/25/2017,06/30/2017,3,0.129
17141951,FLUSHING,11358,06/25/2017,06/28/2017,4,0.135
17142311,REGO PARK,11374,06/26/2017,06/28/2017,7,0.06
17141887,STATEN ISLAND,10304,06/27/2017,06/30/2017,2,0.132
17141831,FLUSHING,11354,06/27/2017,06/28/2017,3,0.087
17141847,RIDGEWOOD,11385,06/27/2017,06/30/2017,7,0.053
17142056,STATEN ISLAND,10312,06/27/2017,06/30/2017,55,0.103
17142129,OZONE PARK,11417,06/27/2017,06/28/2017,23,0.09
17141946,ASTORIA,11105,06/27/2017,06/30/2017,24,0.961
17141796,BROOKLYN,11234,06/28/2017,06/30/2017,0,0.176
17142199,BROOKLYN,11216,06/28/2017,07/05/2017,48,0.112
17142262,STATEN ISLAND,10306,06/28/2017,07/05/2017,3,0.1
17141907,BRONX,10465,06/29/2017,07/05/2017,3,0.154
17141944,BRONX,10471,06/29/2017,06/30/2017,6,0.173
17141897,STATEN ISLAND,10306,06/29/2017,07/05/2017,2,0.132
17142091,BROOKLYN,11206,06/29/2017,07/05/2017,11,0.224
17142249,STATEN ISLAND,10308,06/30/2017,07/06/2017,0,0.122
17142150,BROOKLYN,11217,06/30/2017,07/05/2017,3,0.182
17142184,KEW GARDENS,11415,06/30/2017,07/05/2017,3,0.229
17141984,WOODHAVEN,11421,06/30/2017,07/05/2017,7,0.169
17142231,OAKLAND GARDENS,11364,06/30/2017,07/05/2017,0,0.23
17142275,STATEN ISLAND,10309,06/30/2017,07/05/2017,7,0.049
17142039,STATEN ISLAND,10309,07/01/2017,07/05/2017,1,0.114
17142053,STATEN ISLAND,10309,07/01/2017,07/05/2017,0,0.099
17141875,STATEN ISLAND,10306,07/01/2017,07/05/2017,0,0.121
17141954,FOREST HILLS,11375,07/01/2017,07/05/2017,11,0.093
17142166,REGO PARK,11374,07/02/2017,07/07/2017,5,0.03
17141848,FOREST HILLS,11375,07/02/2017,07/05/2017,5,0.158
17142131,FLUSHING,11358,07/02/2017,07/05/2017,36,0.946
17142163,BROOKLYN,11211,07/03/2017,07/07/2017,2,0.248
17141957,FLUSHING,11358,07/03/2017,07/07/2017,6,0.138
17142305,BROOKLYN,11219,07/03/2017,07/06/2017,2,0.083
17142189,MIDDLE VILLAGE,11379,07/04/2017,07/06/2017,11,0.141
17142074,STATEN ISLAND,10305,07/04/2017,07/07/2017,0,0.138
17142190,BAYSIDE,11361,07/04/2017,07/10/2017,8,0.129
17141910,BAYSIDE,11360,07/04/2017,07/06/2017,0,0.125
17141833,FLUSHING,11354,07/04/2017,07/11/2017,3,0.176
17142047,STATEN ISLAND,10306,07/04/2017,07/10/2017,0,0.184
17142296,BROOKLYN,11238,07/04/2017,07/07/2017,2,0.266
17141961,BROOKLYN,11229,07/05/2017,07/07/2017,9,0.103
17142260,BROOKLYN,11234,07/05/2017,07/06/2017,0,0.195
17141881,STATEN ISLAND,10312,07/05/2017,07/12/2017,1,0.038
17142024,BROOKLYN,11212,07/07/2017,07/10/2017,0,0.061
17142317,MASPETH,11378,07/07/2017,07/11/2017,1,0.468
17142328,BROOKLYN,11218,07/09/2017,07/13/2017,12,0.059
17142217,STATEN ISLAND,10309,07/09/2017,07/14/2017,0,0.164
17142202,STATEN ISLAND,10301,07/10/2017,07/13/2017,4,0.104
17141816,FLUSHING,11358,07/10/2017,07/11/2017,9,0.094
17141937,WOODHAVEN,11421,07/10/2017,07/12/2017,0,0.088
17142239,STATEN ISLAND,10314,07/11/2017,07/13/2017,0,0.11
17142291,BROOKLYN,11229,07/11/2017,07/14/2017,7,0.109
17141966,BROOKLYN,11217,07/11/2017,07/12/2017,0,0.131
17142185,BROOKLYN,11205,07/11/2017,07/12/2017,6,0.133
17142299,BRONX,10469,07/12/2017,07/14/2017,5,0.099
17142279,BRONX,10463,07/12/2017,07/20/2017,1,0.112
17142288,BROOKLYN,11218,07/13/2017,07/17/2017,7,0.038
17141883,STATEN ISLAND,10314,07/14/2017,07/19/2017,2,0.182
17142003,STATEN ISLAND,10306,07/14/2017,07/19/2017,190,0.138
17141894,STATEN ISLAND,10309,07/14/2017,07/19/2017,7,0.175
17142251,STATEN ISLAND,10308,07/15/2017,07/19/2017,0,0.056
17142112,ASTORIA,11103,07/15/2017,07/19/2017,13,0.173
17141985,FLUSHING,11358,07/15/2017,07/19/2017,4,0.227
17142215,BROOKLYN,11212,07/15/2017,07/21/2017,0,0.11
17141915,STATEN ISLAND,10309,07/16/2017,07/19/2017,32,0.088
17141962,STATEN ISLAND,10305,07/17/2017,07/24/2017,4,0.028
17142127,BAYSIDE,11361,07/17/2017,07/25/2017,1,0.178
17142032,STATEN ISLAND,10305,07/18/2017,07/20/2017,0,0.111
17142041,STATEN ISLAND,10306,07/18/2017,07/21/2017,0,0.137
17142289,BROOKLYN,11216,07/19/2017,07/20/2017,3,0.268
17141960,STATEN ISLAND,10304,07/20/2017,07/31/2017,34,0.183
17141900,STATEN ISLAND,10305,07/21/2017,07/26/2017,0,0.156
17142132,BAYSIDE,11361,07/21/2017,07/25/2017,2,0.28
17141909,STATEN ISLAND,10305,07/21/2017,07/25/2017,0,0.097
17142082,STATEN ISLAND,10304,07/22/2017,07/25/2017,1,0.107
17142067,STATEN ISLAND,10306,07/23/2017,07/26/2017,0,0.133
17141914,STATEN ISLAND,10303,07/24/2017,07/26/2017,1,0.171
17142180,BROOKLYN,11231,07/25/2017,07/31/2017,6,0.239
17141959,WOODSIDE,11377,07/25/2017,08/01/2017,5,0.145
17142015,STATEN ISLAND,10306,07/28/2017,08/02/2017,6,0.289
17142183,BROOKLYN,11218,07/29/2017,08/02/2017,7,0.113
17141819,BAYSIDE,11361,07/29/2017,08/02/2017,4,0.099
17142316,FLUSHING,11358,07/30/2017,08/01/2017,4,0.181
17141991,BROOKLYN,11204,07/30/2017,08/02/2017,6,0.246
17142052,STATEN ISLAND,10312,07/30/2017,08/03/2017,0,0.035
17142008,ASTORIA,11106,07/31/2017,08/03/2017,4,0.114
17141998,BROOKLYN,11210,07/31/2017,08/03/2017,9,0.212
17142177,BROOKLYN,11230,08/02/2017,08/03/2017,12,0.084
17141994,BROOKLYN,11226,08/06/2017,08/11/2017,8,0.131
17142005,BROOKLYN,11221,08/07/2017,08/16/2017,7,0.147
17141958,WOODSIDE,11377,08/09/2017,08/15/2017,4,0.083
17142158,BROOKLYN,11229,08/09/2017,08/11/2017,4,0.158
17142227,MASPETH,11378,08/09/2017,08/11/2017,2,0.154
17142264,STATEN ISLAND,10314,08/11/2017,08/15/2017,0,0.172
17141872,STATEN ISLAND,10312,08/13/2017,08/16/2017,0,0.098
17142168,OAKLAND GARDENS,11364,08/13/2017,08/16/2017,3,0.128
17142113,QUEENS VILLAGE,11427,08/14/2017,08/16/2017,117,0.357
17141929,STATEN ISLAND,10308,08/15/2017,08/18/2017,1,0.125
17142035,RIDGEWOOD,11385,08/15/2017,08/23/2017,10,0.025
17142043,Staten Island,10309,08/16/2017,08/18/2017,0,0.091
17142138,BROOKLYN,11213,08/18/2017,08/28/2017,5,0.125
17142025,BROOKLYN,11212,08/20/2017,08/23/2017,0,0.142
17141921,BROOKLYN,11223,08/20/2017,08/25/2017,7,0.031
17142204,BROOKLYN,11208,08/21/2017,08/30/2017,11,0.188
17142232,STATEN ISLAND,10308,08/22/2017,08/25/2017,2,0.095
17142001,FOREST HILLS,11375,08/23/2017,08/25/2017,12,0.172
17142062,SPRINGFIELD GARDENS,11413,08/24/2017,08/25/2017,0,0.115
17141972,BRONX,10463,08/25/2017,08/30/2017,2,0.12
17142006,BROOKLYN,11214,08/25/2017,08/28/2017,9,0.135
17142073,STATEN ISLAND,10306,08/26/2017,08/28/2017,7,0.107
17141817,BAYSIDE,11361,08/26/2017,08/28/2017,3,0.165
17142167,CORONA,11368,08/28/2017,09/01/2017,3,0.038
17142258,BROOKLYN,11236,08/28/2017,08/29/2017,5,0.149
17142090,BROOKLYN,11230,08/29/2017,09/05/2017,6,0.049
17142136,BRONX,10460,08/30/2017,09/05/2017,5,0.13
17142318,MIDDLE VILLAGE,11379,09/01/2017,09/05/2017,4,0.197
17141973,JACKSON HEIGHTS,11372,09/02/2017,09/08/2017,13,0.08
17142246,STATEN ISLAND,10309,09/06/2017,09/12/2017,0,0.085
17141989,BROOKLYN,11209,09/07/2017,09/12/2017,7,0.123
17142203,BROOKLYN,11210,09/13/2017,09/14/2017,4,0.095
17142313,STATEN ISLAND,10314,09/17/2017,09/22/2017,2,0.174
17142171,BROOKLYN,11225,09/18/2017,09/22/2017,12,0.11
17142117,BROOKLYN,11234,09/18/2017,09/27/2017,5,0.167
17142084,STATEN ISLAND,10305,09/20/2017,09/27/2017,3,0.239
17142054,STATEN ISLAND,10312,09/21/2017,09/27/2017,0,0.043
17144533,FOREST HILLS,11375,09/22/2017,09/27/2017,4,0.04
17142148,BROOKLYN,11228,09/23/2017,09/27/2017,0,0.142
17141874,STATEN ISLAND,10308,09/23/2017,09/27/2017,1,0.114
17142119,JAMAICA,11434,09/24/2017,09/29/2017,0,0.254
17142178,WHITESTONE,11357,09/24/2017,09/27/2017,16,0.197
17142085,STATEN ISLAND,10310,09/25/2017,09/29/2017,2,0.089
17142285,Staten Island,10306,09/25/2017,10/05/2017,0,0.108
17141926,STATEN ISLAND,10308,09/25/2017,09/29/2017,0,0.1
17142192,JAMAICA,11434,09/26/2017,10/03/2017,0,0.129
17141799,BROOKLYN,11201,09/27/2017,09/29/2017,2,0.124
17141919,BROOKLYN,11212,09/28/2017,10/03/2017,0,0.062
17142197,RIDGEWOOD,11385,09/30/2017,10/05/2017,1,0.055
17142211,STATEN ISLAND,10314,09/30/2017,10/05/2017,17,0.225
